time,stress,dose,strain,mean,sd
0,AMP,0,MC1061,0.015,0.001154700538
0,AMP,0,MC-SCFP3A,0.014,0.001154700538
0,AMP,0,VIPdeltaRecA,0.01466666667,0.001201850425
0,AMP,0,VIP205,0.01533333333,0.0003333333333
0,AMP,0.25,MC1061,0.01366666667,0.001452966315
0,AMP,0.25,MC-SCFP3A,0.01266666667,0.001452966315
0,AMP,0.25,VIP205,0.015,0
0,AMP,0.5,MC1061,0.014,0.0005773502692
0,AMP,0.5,MC-SCFP3A,0.012,0.001
0,AMP,0.5,VIP205,0.01466666667,0.0003333333333
0,AMP,1,MC1061,0.01366666667,0.001201850425
0,AMP,1,MC-SCFP3A,0.014,0.001154700538
0,AMP,1,VIPdeltaRecA,0.099375,0.005447599406
0,AMP,1,VIP205,0.01433333333,0.0006666666667
0,AMP,1.5,MC1061,0.01666666667,0.001855921454
0,AMP,1.5,MC-SCFP3A,0.01366666667,0.0008819171037
0,AMP,1.5,VIP205,0.01433333333,0.0008819171037
0,AMP,2,MC1061,0.01566666667,0.001452966315
0,AMP,2,MC-SCFP3A,0.01433333333,0.0008819171037
0,AMP,2,VIPdeltaRecA,0.1025,0.01315023085
0,AMP,2,VIP205,0.01366666667,0.0003333333333
0,AMP,2.5,MC1061,0.01666666667,0.001201850425
0,AMP,2.5,MC-SCFP3A,0.01533333333,0.0003333333333
0,AMP,2.5,VIP205,0.01266666667,0.0008819171037
0,AMP,3,VIPdeltaRecA,0.114125,0.01875541588
0,AMP,4,VIPdeltaRecA,0.108625,0.01581018828
0,AMP,5,MC1061,0.01633333333,0.0003333333333
0,AMP,5,MC-SCFP3A,0.014,0.001527525232
0,AMP,5,VIPdeltaRecA,0.09725,0.01217982817
0,AMP,5,VIP205,0.01466666667,0.0003333333333
0,Cd,0,MC1061,0.01433333333,0.0006666666667
0,Cd,0,MC-SCFP3A,0.015,0.001
0,Cd,0,VIPdeltaRecA,0.014,0
0,Cd,0,VIP205,0.01633333333,0.001201850425
0,Cd,0.025,MC1061,0.01366666667,0.0008819171037
0,Cd,0.025,MC-SCFP3A,0.01433333333,0.0003333333333
0,Cd,0.025,VIP205,0.01433333333,0.0003333333333
0,Cd,0.05,MC1061,0.01366666667,0.0003333333333
0,Cd,0.05,MC-SCFP3A,0.01666666667,0.001201850425
0,Cd,0.05,VIPdeltaRecA,0.0785,0.004960558724
0,Cd,0.05,VIP205,0.01433333333,0.0003333333333
0,Cd,0.1,MC1061,0.01566666667,0.0008819171037
0,Cd,0.1,MC-SCFP3A,0.01833333333,0.001452966315
0,Cd,0.1,VIPdeltaRecA,0.09475,0.01040389693
0,Cd,0.1,VIP205,0.016,0
0,Cd,0.15,MC1061,0.01666666667,0.001201850425
0,Cd,0.15,MC-SCFP3A,0.02066666667,0.002333333333
0,Cd,0.15,VIPdeltaRecA,0.085,0.008847921467
0,Cd,0.15,VIP205,0.01633333333,0.0003333333333
0,Cd,0.2,MC1061,0.018,0.0005773502692
0,Cd,0.2,MC-SCFP3A,0.024,0.001
0,Cd,0.2,VIPdeltaRecA,0.110375,0.02126527812
0,Cd,0.2,VIP205,0.01666666667,0.0003333333333
0,Cd,0.25,MC1061,0.01933333333,0.001333333333
0,Cd,0.25,MC-SCFP3A,0.02366666667,0.0006666666667
0,Cd,0.25,VIPdeltaRecA,0.082375,0.004313341015
0,Cd,0.25,VIP205,0.016,0.0005773502692
0,Cd,0.3,VIPdeltaRecA,0.0885,0.003401680257
0,Cd,0.35,VIPdeltaRecA,0.08325,0.003702074708
0,Cd,0.4,VIPdeltaRecA,0.09275,0.00175
0,Cd,0.45,MC1061,0.02333333333,0.00202758751
0,Cd,0.45,MC-SCFP3A,0.02566666667,0.0003333333333
0,Cd,0.45,VIPdeltaRecA,0.0965625,0.003548437156
0,Cd,0.45,VIP205,0.01866666667,0.0006666666667
0.3333333333,AMP,0,MC1061,0.01333333333,0.0008819171037
0.3333333333,AMP,0,MC-SCFP3A,0.01266666667,0.0008819171037
0.3333333333,AMP,0,VIPdeltaRecA,0.017,0.002
0.3333333333,AMP,0,VIP205,0.01766666667,0.0006666666667
0.3333333333,AMP,0.25,MC1061,0.012,0.001154700538
0.3333333333,AMP,0.25,MC-SCFP3A,0.01166666667,0.001452966315
0.3333333333,AMP,0.25,VIP205,0.01833333333,0.0003333333333
0.3333333333,AMP,0.5,MC1061,0.01266666667,0.0003333333333
0.3333333333,AMP,0.5,MC-SCFP3A,0.01166666667,0.001201850425
0.3333333333,AMP,0.5,VIP205,0.01733333333,0.0003333333333
0.3333333333,AMP,1,MC1061,0.01266666667,0.001201850425
0.3333333333,AMP,1,MC-SCFP3A,0.013,0.001154700538
0.3333333333,AMP,1,VIPdeltaRecA,0.09725,0.003103857048
0.3333333333,AMP,1,VIP205,0.01666666667,0.0003333333333
0.3333333333,AMP,1.5,MC1061,0.01566666667,0.00202758751
0.3333333333,AMP,1.5,MC-SCFP3A,0.01233333333,0.001201850425
0.3333333333,AMP,1.5,VIP205,0.01633333333,0.0008819171037
0.3333333333,AMP,2,MC1061,0.01366666667,0.0008819171037
0.3333333333,AMP,2,MC-SCFP3A,0.01333333333,0.0008819171037
0.3333333333,AMP,2,VIPdeltaRecA,0.108875,0.01426338657
0.3333333333,AMP,2,VIP205,0.016,0.0005773502692
0.3333333333,AMP,2.5,MC1061,0.01533333333,0.001452966315
0.3333333333,AMP,2.5,MC-SCFP3A,0.01433333333,0.0003333333333
0.3333333333,AMP,2.5,VIP205,0.01466666667,0.0008819171037
0.3333333333,AMP,3,VIPdeltaRecA,0.10075,0.003711709271
0.3333333333,AMP,4,VIPdeltaRecA,0.119125,0.01536977263
0.3333333333,AMP,5,MC1061,0.015,0
0.3333333333,AMP,5,MC-SCFP3A,0.01333333333,0.001201850425
0.3333333333,AMP,5,VIPdeltaRecA,0.1045,0.01117235108
0.3333333333,AMP,5,VIP205,0.01933333333,0.0006666666667
0.3333333333,Cd,0,MC1061,0.016,0.001
0.3333333333,Cd,0,MC-SCFP3A,0.016,0.001
0.3333333333,Cd,0,VIPdeltaRecA,0.01866666667,0.0006666666667
0.3333333333,Cd,0,VIP205,0.022,0.002
0.3333333333,Cd,0.025,MC1061,0.01466666667,0.0008819171037
0.3333333333,Cd,0.025,MC-SCFP3A,0.016,0.0005773502692
0.3333333333,Cd,0.025,VIP205,0.01866666667,0.0003333333333
0.3333333333,Cd,0.05,MC1061,0.01433333333,0.0003333333333
0.3333333333,Cd,0.05,MC-SCFP3A,0.01866666667,0.001201850425
0.3333333333,Cd,0.05,VIPdeltaRecA,0.089125,0.003335081387
0.3333333333,Cd,0.05,VIP205,0.01666666667,0.0003333333333
0.3333333333,Cd,0.1,MC1061,0.017,0.001
0.3333333333,Cd,0.1,MC-SCFP3A,0.02,0.001527525232
0.3333333333,Cd,0.1,VIPdeltaRecA,0.098625,0.01042136799
0.3333333333,Cd,0.1,VIP205,0.01733333333,0.0003333333333
0.3333333333,Cd,0.15,MC1061,0.017,0.001527525232
0.3333333333,Cd,0.15,MC-SCFP3A,0.02133333333,0.00240370085
0.3333333333,Cd,0.15,VIPdeltaRecA,0.08225,0.00353427099
0.3333333333,Cd,0.15,VIP205,0.01666666667,0.0003333333333
0.3333333333,Cd,0.2,MC1061,0.01833333333,0.0008819171037
0.3333333333,Cd,0.2,MC-SCFP3A,0.02466666667,0.001201850425
0.3333333333,Cd,0.2,VIPdeltaRecA,0.082125,0.003032193336
0.3333333333,Cd,0.2,VIP205,0.01766666667,0.0003333333333
0.3333333333,Cd,0.25,MC1061,0.019,0.001527525232
0.3333333333,Cd,0.25,MC-SCFP3A,0.02366666667,0.0003333333333
0.3333333333,Cd,0.25,VIPdeltaRecA,0.0815,0.003438230442
0.3333333333,Cd,0.25,VIP205,0.01666666667,0.0003333333333
0.3333333333,Cd,0.3,VIPdeltaRecA,0.083375,0.002170726508
0.3333333333,Cd,0.35,VIPdeltaRecA,0.081625,0.001700183814
0.3333333333,Cd,0.4,VIPdeltaRecA,0.08475,0.001578312842
0.3333333333,Cd,0.45,MC1061,0.024,0.001732050808
0.3333333333,Cd,0.45,MC-SCFP3A,0.02566666667,0.0003333333333
0.3333333333,Cd,0.45,VIPdeltaRecA,0.0853125,0.001980569678
0.3333333333,Cd,0.45,VIP205,0.01833333333,0.0008819171037
0.6666666667,AMP,0,MC1061,0.01966666667,0.001201850425
0.6666666667,AMP,0,MC-SCFP3A,0.017,0.002081665999
0.6666666667,AMP,0,VIPdeltaRecA,0.02366666667,0.004176654695
0.6666666667,AMP,0,VIP205,0.027,0.001
0.6666666667,AMP,0.25,MC1061,0.018,0.001732050808
0.6666666667,AMP,0.25,MC-SCFP3A,0.01566666667,0.001452966315
0.6666666667,AMP,0.25,VIP205,0.03033333333,0.0003333333333
0.6666666667,AMP,0.5,MC1061,0.018,0.0005773502692
0.6666666667,AMP,0.5,MC-SCFP3A,0.01533333333,0.001333333333
0.6666666667,AMP,0.5,VIP205,0.02833333333,0.0008819171037
0.6666666667,AMP,1,MC1061,0.01766666667,0.001201850425
0.6666666667,AMP,1,MC-SCFP3A,0.01666666667,0.001201850425
0.6666666667,AMP,1,VIPdeltaRecA,0.12425,0.003260970495
0.6666666667,AMP,1,VIP205,0.02666666667,0.0003333333333
0.6666666667,AMP,1.5,MC1061,0.021,0.002081665999
0.6666666667,AMP,1.5,MC-SCFP3A,0.01666666667,0.001452966315
0.6666666667,AMP,1.5,VIP205,0.026,0.001732050808
0.6666666667,AMP,2,MC1061,0.01933333333,0.001201850425
0.6666666667,AMP,2,MC-SCFP3A,0.017,0.001
0.6666666667,AMP,2,VIPdeltaRecA,0.13425,0.0155307874
0.6666666667,AMP,2,VIP205,0.024,0.001527525232
0.6666666667,AMP,2.5,MC1061,0.02166666667,0.001201850425
0.6666666667,AMP,2.5,MC-SCFP3A,0.01866666667,0.0003333333333
0.6666666667,AMP,2.5,VIP205,0.02233333333,0.002333333333
0.6666666667,AMP,3,VIPdeltaRecA,0.12575,0.004604927485
0.6666666667,AMP,4,VIPdeltaRecA,0.144125,0.01579041018
0.6666666667,AMP,5,MC1061,0.02166666667,0.0003333333333
0.6666666667,AMP,5,MC-SCFP3A,0.017,0.001527525232
0.6666666667,AMP,5,VIPdeltaRecA,0.130625,0.01145010527
0.6666666667,AMP,5,VIP205,0.029,0.0005773502692
0.6666666667,Cd,0,MC1061,0.022,0.001
0.6666666667,Cd,0,MC-SCFP3A,0.022,0.002
0.6666666667,Cd,0,VIPdeltaRecA,0.02766666667,0.001763834207
0.6666666667,Cd,0,VIP205,0.03233333333,0.002728450924
0.6666666667,Cd,0.025,MC1061,0.01933333333,0.001201850425
0.6666666667,Cd,0.025,MC-SCFP3A,0.02,0.0005773502692
0.6666666667,Cd,0.025,VIP205,0.02566666667,0.001201850425
0.6666666667,Cd,0.05,MC1061,0.01766666667,0.0003333333333
0.6666666667,Cd,0.05,MC-SCFP3A,0.02233333333,0.001452966315
0.6666666667,Cd,0.05,VIPdeltaRecA,0.110375,0.003017434459
0.6666666667,Cd,0.05,VIP205,0.02033333333,0.0003333333333
0.6666666667,Cd,0.1,MC1061,0.02,0.001527525232
0.6666666667,Cd,0.1,MC-SCFP3A,0.023,0.002081665999
0.6666666667,Cd,0.1,VIPdeltaRecA,0.11525,0.01248963856
0.6666666667,Cd,0.1,VIP205,0.01866666667,0.0003333333333
0.6666666667,Cd,0.15,MC1061,0.01833333333,0.001452966315
0.6666666667,Cd,0.15,MC-SCFP3A,0.02333333333,0.00240370085
0.6666666667,Cd,0.15,VIPdeltaRecA,0.090125,0.003026298423
0.6666666667,Cd,0.15,VIP205,0.018,0.0005773502692
0.6666666667,Cd,0.2,MC1061,0.01866666667,0.0006666666667
0.6666666667,Cd,0.2,MC-SCFP3A,0.026,0.001527525232
0.6666666667,Cd,0.2,VIPdeltaRecA,0.088625,0.003629922766
0.6666666667,Cd,0.2,VIP205,0.018,0.0005773502692
0.6666666667,Cd,0.25,MC1061,0.019,0.001
0.6666666667,Cd,0.25,MC-SCFP3A,0.024,0.0005773502692
0.6666666667,Cd,0.25,VIPdeltaRecA,0.082875,0.003125
0.6666666667,Cd,0.25,VIP205,0.01733333333,0.0003333333333
0.6666666667,Cd,0.3,VIPdeltaRecA,0.084125,0.001976988149
0.6666666667,Cd,0.35,VIPdeltaRecA,0.0825,0.001267731382
0.6666666667,Cd,0.4,VIPdeltaRecA,0.087875,0.002294694969
0.6666666667,Cd,0.45,MC1061,0.02366666667,0.001763834207
0.6666666667,Cd,0.45,MC-SCFP3A,0.02566666667,0.0003333333333
0.6666666667,Cd,0.45,VIPdeltaRecA,0.0868125,0.001837613375
0.6666666667,Cd,0.45,VIP205,0.019,0.0005773502692
1,AMP,0,MC1061,0.023,0.001527525232
1,AMP,0,MC-SCFP3A,0.02133333333,0.002185812841
1,AMP,0,VIPdeltaRecA,0.03233333333,0.004841946349
1,AMP,0,VIP205,0.036,0.001
1,AMP,0.25,MC1061,0.02133333333,0.00240370085
1,AMP,0.25,MC-SCFP3A,0.02066666667,0.00202758751
1,AMP,0.25,VIP205,0.038,0.0005773502692
1,AMP,0.5,MC1061,0.02266666667,0.001201850425
1,AMP,0.5,MC-SCFP3A,0.01966666667,0.001201850425
1,AMP,0.5,VIP205,0.03333333333,0.001201850425
1,AMP,1,MC1061,0.02066666667,0.001201850425
1,AMP,1,MC-SCFP3A,0.02133333333,0.001452966315
1,AMP,1,VIPdeltaRecA,0.167,0.004183300133
1,AMP,1,VIP205,0.03033333333,0.0003333333333
1,AMP,1.5,MC1061,0.02466666667,0.00240370085
1,AMP,1.5,MC-SCFP3A,0.02166666667,0.001452966315
1,AMP,1.5,VIP205,0.03166666667,0.0008819171037
1,AMP,2,MC1061,0.02333333333,0.00202758751
1,AMP,2,MC-SCFP3A,0.022,0.001
1,AMP,2,VIPdeltaRecA,0.1785,0.01462629726
1,AMP,2,VIP205,0.03033333333,0.001201850425
1,AMP,2.5,MC1061,0.02433333333,0.00240370085
1,AMP,2.5,MC-SCFP3A,0.02333333333,0.0003333333333
1,AMP,2.5,VIP205,0.03233333333,0.001763834207
1,AMP,3,VIPdeltaRecA,0.169375,0.005662967105
1,AMP,4,VIPdeltaRecA,0.18875,0.01878900704
1,AMP,5,MC1061,0.02433333333,0.0008819171037
1,AMP,5,MC-SCFP3A,0.022,0.001527525232
1,AMP,5,VIPdeltaRecA,0.174875,0.00925518677
1,AMP,5,VIP205,0.03866666667,0.0006666666667
1,Cd,0,MC1061,0.02733333333,0.002728450924
1,Cd,0,MC-SCFP3A,0.02766666667,0.001666666667
1,Cd,0,VIPdeltaRecA,0.03433333333,0.001763834207
1,Cd,0,VIP205,0.04066666667,0.002962731472
1,Cd,0.025,MC1061,0.02333333333,0.001763834207
1,Cd,0.025,MC-SCFP3A,0.02433333333,0.0008819171037
1,Cd,0.025,VIP205,0.02933333333,0.0006666666667
1,Cd,0.05,MC1061,0.02,0.0005773502692
1,Cd,0.05,MC-SCFP3A,0.02566666667,0.001763834207
1,Cd,0.05,VIPdeltaRecA,0.143,0.002705813846
1,Cd,0.05,VIP205,0.02333333333,0.0003333333333
1,Cd,0.1,MC1061,0.022,0.001
1,Cd,0.1,MC-SCFP3A,0.026,0.002081665999
1,Cd,0.1,VIPdeltaRecA,0.136875,0.01488939879
1,Cd,0.1,VIP205,0.01966666667,0.0003333333333
1,Cd,0.15,MC1061,0.01933333333,0.001452966315
1,Cd,0.15,MC-SCFP3A,0.02433333333,0.00240370085
1,Cd,0.15,VIPdeltaRecA,0.097375,0.002692167873
1,Cd,0.15,VIP205,0.019,0.0005773502692
1,Cd,0.2,MC1061,0.01866666667,0.0006666666667
1,Cd,0.2,MC-SCFP3A,0.02666666667,0.001201850425
1,Cd,0.2,VIPdeltaRecA,0.09575,0.003687575665
1,Cd,0.2,VIP205,0.01866666667,0.0003333333333
1,Cd,0.25,MC1061,0.01933333333,0.001333333333
1,Cd,0.25,MC-SCFP3A,0.02433333333,0.0006666666667
1,Cd,0.25,VIPdeltaRecA,0.089875,0.003622536108
1,Cd,0.25,VIP205,0.01733333333,0.0003333333333
1,Cd,0.3,VIPdeltaRecA,0.0895,0.002087377028
1,Cd,0.35,VIPdeltaRecA,0.089125,0.001586072193
1,Cd,0.4,VIPdeltaRecA,0.09375,0.002201866092
1,Cd,0.45,MC1061,0.024,0.001732050808
1,Cd,0.45,MC-SCFP3A,0.02566666667,0.0003333333333
1,Cd,0.45,VIPdeltaRecA,0.093375,0.001529910128
1,Cd,0.45,VIP205,0.01866666667,0.0006666666667
1.333333333,AMP,0,MC1061,0.03666666667,0.002728450924
1.333333333,AMP,0,MC-SCFP3A,0.03333333333,0.004977728174
1.333333333,AMP,0,VIPdeltaRecA,0.042,0.007094598885
1.333333333,AMP,0,VIP205,0.04633333333,0.001855921454
1.333333333,AMP,0.25,MC1061,0.03166666667,0.00348010217
1.333333333,AMP,0.25,MC-SCFP3A,0.02933333333,0.003282952601
1.333333333,AMP,0.25,VIP205,0.05033333333,0.0003333333333
1.333333333,AMP,0.5,MC1061,0.02966666667,0.0003333333333
1.333333333,AMP,0.5,MC-SCFP3A,0.02666666667,0.002185812841
1.333333333,AMP,0.5,VIP205,0.04733333333,0.0008819171037
1.333333333,AMP,1,MC1061,0.02833333333,0.00240370085
1.333333333,AMP,1,MC-SCFP3A,0.02966666667,0.002333333333
1.333333333,AMP,1,VIPdeltaRecA,0.227,0.004101393491
1.333333333,AMP,1,VIP205,0.04333333333,0.001201850425
1.333333333,AMP,1.5,MC1061,0.032,0.003
1.333333333,AMP,1.5,MC-SCFP3A,0.02966666667,0.00202758751
1.333333333,AMP,1.5,VIP205,0.04633333333,0.0003333333333
1.333333333,AMP,2,MC1061,0.03133333333,0.002666666667
1.333333333,AMP,2,MC-SCFP3A,0.02966666667,0.001201850425
1.333333333,AMP,2,VIPdeltaRecA,0.239875,0.01804403097
1.333333333,AMP,2,VIP205,0.041,0.002081665999
1.333333333,AMP,2.5,MC1061,0.033,0.002081665999
1.333333333,AMP,2.5,MC-SCFP3A,0.03133333333,0.0003333333333
1.333333333,AMP,2.5,VIP205,0.04033333333,0.004666666667
1.333333333,AMP,3,VIPdeltaRecA,0.225125,0.006618258025
1.333333333,AMP,4,VIPdeltaRecA,0.2505,0.02486391533
1.333333333,AMP,5,MC1061,0.03466666667,0.001201850425
1.333333333,AMP,5,MC-SCFP3A,0.02933333333,0.001201850425
1.333333333,AMP,5,VIPdeltaRecA,0.232625,0.01030938806
1.333333333,AMP,5,VIP205,0.04933333333,0.001666666667
1.333333333,Cd,0,MC1061,0.04833333333,0.004409585518
1.333333333,Cd,0,MC-SCFP3A,0.053,0.006110100927
1.333333333,Cd,0,VIPdeltaRecA,0.04233333333,0.00202758751
1.333333333,Cd,0,VIP205,0.04866666667,0.003711842909
1.333333333,Cd,0.025,MC1061,0.03733333333,0.003527668415
1.333333333,Cd,0.025,MC-SCFP3A,0.03866666667,0.001201850425
1.333333333,Cd,0.025,VIP205,0.04033333333,0.001333333333
1.333333333,Cd,0.05,MC1061,0.02533333333,0.001201850425
1.333333333,Cd,0.05,MC-SCFP3A,0.03266666667,0.002333333333
1.333333333,Cd,0.05,VIPdeltaRecA,0.182375,0.003499681108
1.333333333,Cd,0.05,VIP205,0.026,0.0005773502692
1.333333333,Cd,0.1,MC1061,0.027,0.001527525232
1.333333333,Cd,0.1,MC-SCFP3A,0.032,0.002645751311
1.333333333,Cd,0.1,VIPdeltaRecA,0.168,0.016769445
1.333333333,Cd,0.1,VIP205,0.02066666667,0.0003333333333
1.333333333,Cd,0.15,MC1061,0.02,0.001732050808
1.333333333,Cd,0.15,MC-SCFP3A,0.027,0.002516611478
1.333333333,Cd,0.15,VIPdeltaRecA,0.106625,0.003688483525
1.333333333,Cd,0.15,VIP205,0.01966666667,0.0003333333333
1.333333333,Cd,0.2,MC1061,0.01933333333,0.0008819171037
1.333333333,Cd,0.2,MC-SCFP3A,0.027,0.001527525232
1.333333333,Cd,0.2,VIPdeltaRecA,0.101125,0.003073141134
1.333333333,Cd,0.2,VIP205,0.019,0.0005773502692
1.333333333,Cd,0.25,MC1061,0.01933333333,0.001333333333
1.333333333,Cd,0.25,MC-SCFP3A,0.024,0.0005773502692
1.333333333,Cd,0.25,VIPdeltaRecA,0.099125,0.004477872183
1.333333333,Cd,0.25,VIP205,0.01766666667,0.0003333333333
1.333333333,Cd,0.3,VIPdeltaRecA,0.099,0.002228067709
1.333333333,Cd,0.35,VIPdeltaRecA,0.0965,0.001841970994
1.333333333,Cd,0.4,VIPdeltaRecA,0.09875,0.002469456273
1.333333333,Cd,0.45,MC1061,0.02433333333,0.00202758751
1.333333333,Cd,0.45,MC-SCFP3A,0.02533333333,0.0003333333333
1.333333333,Cd,0.45,VIPdeltaRecA,0.0965625,0.001575776925
1.333333333,Cd,0.45,VIP205,0.018,0.0005773502692
1.666666667,AMP,0,MC1061,0.06733333333,0.008412952976
1.666666667,AMP,0,MC-SCFP3A,0.06566666667,0.009955456349
1.666666667,AMP,0,VIPdeltaRecA,0.04766666667,0.006173419726
1.666666667,AMP,0,VIP205,0.05366666667,0.0008819171037
1.666666667,AMP,0.25,MC1061,0.06,0.009451631253
1.666666667,AMP,0.25,MC-SCFP3A,0.056,0.004725815626
1.666666667,AMP,0.25,VIP205,0.05866666667,0.00202758751
1.666666667,AMP,0.5,MC1061,0.053,0.0005773502692
1.666666667,AMP,0.5,MC-SCFP3A,0.04733333333,0.004333333333
1.666666667,AMP,0.5,VIP205,0.05333333333,0.001855921454
1.666666667,AMP,1,MC1061,0.05366666667,0.003711842909
1.666666667,AMP,1,MC-SCFP3A,0.05033333333,0.005897268671
1.666666667,AMP,1,VIPdeltaRecA,0.306125,0.005929458841
1.666666667,AMP,1,VIP205,0.051,0.001732050808
1.666666667,AMP,1.5,MC1061,0.056,0.004932882862
1.666666667,AMP,1.5,MC-SCFP3A,0.05,0.004932882862
1.666666667,AMP,1.5,VIP205,0.04966666667,0.003527668415
1.666666667,AMP,2,MC1061,0.05733333333,0.004255715112
1.666666667,AMP,2,MC-SCFP3A,0.053,0.005033222957
1.666666667,AMP,2,VIPdeltaRecA,0.32525,0.0247269012
1.666666667,AMP,2,VIP205,0.04633333333,0.001666666667
1.666666667,AMP,2.5,MC1061,0.06133333333,0.003382963855
1.666666667,AMP,2.5,MC-SCFP3A,0.06266666667,0.004176654695
1.666666667,AMP,2.5,VIP205,0.04433333333,0.003179797338
1.666666667,AMP,3,VIPdeltaRecA,0.302125,0.00761914295
1.666666667,AMP,4,VIPdeltaRecA,0.33825,0.03404395793
1.666666667,AMP,5,MC1061,0.06733333333,0.003711842909
1.666666667,AMP,5,MC-SCFP3A,0.052,0.006244997998
1.666666667,AMP,5,VIPdeltaRecA,0.3115,0.01166190379
1.666666667,AMP,5,VIP205,0.05433333333,0.0006666666667
1.666666667,Cd,0,MC1061,0.096,0.01159022577
1.666666667,Cd,0,MC-SCFP3A,0.1076666667,0.01818729715
1.666666667,Cd,0,VIPdeltaRecA,0.05166666667,0.002728450924
1.666666667,Cd,0,VIP205,0.061,0.005033222957
1.666666667,Cd,0.025,MC1061,0.07133333333,0.008412952976
1.666666667,Cd,0.025,MC-SCFP3A,0.07866666667,0.004977728174
1.666666667,Cd,0.025,VIP205,0.048,0
1.666666667,Cd,0.05,MC1061,0.03933333333,0.003179797338
1.666666667,Cd,0.05,MC-SCFP3A,0.04566666667,0.005364492313
1.666666667,Cd,0.05,VIPdeltaRecA,0.23625,0.004378315071
1.666666667,Cd,0.05,VIP205,0.03033333333,0.0008819171037
1.666666667,Cd,0.1,MC1061,0.03633333333,0.002185812841
1.666666667,Cd,0.1,MC-SCFP3A,0.04,0.003605551275
1.666666667,Cd,0.1,VIPdeltaRecA,0.199125,0.02030168668
1.666666667,Cd,0.1,VIP205,0.02166666667,0.0003333333333
1.666666667,Cd,0.15,MC1061,0.02133333333,0.00202758751
1.666666667,Cd,0.15,MC-SCFP3A,0.032,0.002516611478
1.666666667,Cd,0.15,VIPdeltaRecA,0.10775,0.004912629497
1.666666667,Cd,0.15,VIP205,0.02033333333,0.0003333333333
1.666666667,Cd,0.2,MC1061,0.01966666667,0.0006666666667
1.666666667,Cd,0.2,MC-SCFP3A,0.02666666667,0.001201850425
1.666666667,Cd,0.2,VIPdeltaRecA,0.093125,0.002430736955
1.666666667,Cd,0.2,VIP205,0.01933333333,0.0003333333333
1.666666667,Cd,0.25,MC1061,0.01933333333,0.001333333333
1.666666667,Cd,0.25,MC-SCFP3A,0.022,0.0005773502692
1.666666667,Cd,0.25,VIPdeltaRecA,0.098,0.004229994934
1.666666667,Cd,0.25,VIP205,0.018,0
1.666666667,Cd,0.3,VIPdeltaRecA,0.09975,0.00225
1.666666667,Cd,0.35,VIPdeltaRecA,0.0995,0.0021464256
1.666666667,Cd,0.4,VIPdeltaRecA,0.10225,0.002762956491
1.666666667,Cd,0.45,MC1061,0.02433333333,0.00202758751
1.666666667,Cd,0.45,MC-SCFP3A,0.02466666667,0.0003333333333
1.666666667,Cd,0.45,VIPdeltaRecA,0.1003125,0.001639915521
1.666666667,Cd,0.45,VIP205,0.018,0.0005773502692
2,AMP,0,MC1061,0.1456666667,0.01233333333
2,AMP,0,MC-SCFP3A,0.128,0.0261023626
2,AMP,0,VIPdeltaRecA,0.06966666667,0.01072898463
2,AMP,0,VIP205,0.07933333333,0.002603416559
2,AMP,0.25,MC1061,0.1233333333,0.01328323923
2,AMP,0.25,MC-SCFP3A,0.108,0.0177857621
2,AMP,0.25,VIP205,0.09266666667,0.00202758751
2,AMP,0.5,MC1061,0.1056666667,0.003179797338
2,AMP,0.5,MC-SCFP3A,0.08866666667,0.01618984593
2,AMP,0.5,VIP205,0.083,0.003605551275
2,AMP,1,MC1061,0.1123333333,0.008647414514
2,AMP,1,MC-SCFP3A,0.1003333333,0.009061518146
2,AMP,1,VIPdeltaRecA,0.442125,0.0067438795
2,AMP,1,VIP205,0.07466666667,0.001666666667
2,AMP,1.5,MC1061,0.1153333333,0.01322035468
2,AMP,1.5,MC-SCFP3A,0.1026666667,0.01217009084
2,AMP,1.5,VIP205,0.07466666667,0.003844187532
2,AMP,2,MC1061,0.1206666667,0.01092906421
2,AMP,2,MC-SCFP3A,0.1116666667,0.008969082698
2,AMP,2,VIPdeltaRecA,0.461,0.02674816416
2,AMP,2,VIP205,0.07033333333,0.003711842909
2,AMP,2.5,MC1061,0.1393333333,0.00240370085
2,AMP,2.5,MC-SCFP3A,0.1353333333,0.003179797338
2,AMP,2.5,VIP205,0.068,0.006244997998
2,AMP,3,VIPdeltaRecA,0.447,0.005477225575
2,AMP,4,VIPdeltaRecA,0.48525,0.03818598752
2,AMP,5,MC1061,0.1306666667,0.004702245327
2,AMP,5,MC-SCFP3A,0.1106666667,0.008762292952
2,AMP,5,VIPdeltaRecA,0.452625,0.007880666895
2,AMP,5,VIP205,0.08866666667,0.001333333333
2,Cd,0,MC1061,0.18,0.009237604307
2,Cd,0,MC-SCFP3A,0.186,0.01365039682
2,Cd,0,VIPdeltaRecA,0.08,0.004725815626
2,Cd,0,VIP205,0.095,0.007767453465
2,Cd,0.025,MC1061,0.154,0.01537313674
2,Cd,0.025,MC-SCFP3A,0.162,0.008185352772
2,Cd,0.025,VIP205,0.06933333333,0.0008819171037
2,Cd,0.05,MC1061,0.06366666667,0.004333333333
2,Cd,0.05,MC-SCFP3A,0.08333333333,0.01186498115
2,Cd,0.05,VIPdeltaRecA,0.297125,0.007385887847
2,Cd,0.05,VIP205,0.038,0.001154700538
2,Cd,0.1,MC1061,0.048,0.002645751311
2,Cd,0.1,MC-SCFP3A,0.04933333333,0.004484541349
2,Cd,0.1,VIPdeltaRecA,0.227875,0.02579205131
2,Cd,0.1,VIP205,0.02266666667,0.0003333333333
2,Cd,0.15,MC1061,0.023,0.002309401077
2,Cd,0.15,MC-SCFP3A,0.038,0.003
2,Cd,0.15,VIPdeltaRecA,0.11125,0.006337952576
2,Cd,0.15,VIP205,0.02066666667,0.0003333333333
2,Cd,0.2,MC1061,0.02,0.0005773502692
2,Cd,0.2,MC-SCFP3A,0.02533333333,0.0008819171037
2,Cd,0.2,VIPdeltaRecA,0.086,0.0021464256
2,Cd,0.2,VIP205,0.02,0.0005773502692
2,Cd,0.25,MC1061,0.02,0.001
2,Cd,0.25,MC-SCFP3A,0.02033333333,0.0003333333333
2,Cd,0.25,VIPdeltaRecA,0.095375,0.003784071409
2,Cd,0.25,VIP205,0.018,0
2,Cd,0.3,VIPdeltaRecA,0.099125,0.002030460011
2,Cd,0.35,VIPdeltaRecA,0.100625,0.002404887137
2,Cd,0.4,VIPdeltaRecA,0.101875,0.002818545091
2,Cd,0.45,MC1061,0.024,0.001732050808
2,Cd,0.45,MC-SCFP3A,0.024,0
2,Cd,0.45,VIPdeltaRecA,0.099125,0.001680463726
2,Cd,0.45,VIP205,0.01833333333,0.0008819171037
2.333333333,AMP,0,MC1061,0.23,0.01835755975
2.333333333,AMP,0,MC-SCFP3A,0.2113333333,0.03055232306
2.333333333,AMP,0,VIPdeltaRecA,0.1116666667,0.01822391591
2.333333333,AMP,0,VIP205,0.1226666667,0.004630814663
2.333333333,AMP,0.25,MC1061,0.1863333333,0.01675642497
2.333333333,AMP,0.25,MC-SCFP3A,0.1686666667,0.01474599757
2.333333333,AMP,0.25,VIP205,0.1396666667,0.005925462945
2.333333333,AMP,0.5,MC1061,0.1616666667,0.006691619967
2.333333333,AMP,0.5,MC-SCFP3A,0.159,0.01955334583
2.333333333,AMP,0.5,VIP205,0.1326666667,0.004977728174
2.333333333,AMP,1,MC1061,0.1993333333,0.01244097174
2.333333333,AMP,1,MC-SCFP3A,0.186,0.0170098011
2.333333333,AMP,1,VIPdeltaRecA,0.590875,0.007234435263
2.333333333,AMP,1,VIP205,0.1166666667,0.003179797338
2.333333333,AMP,1.5,MC1061,0.21,0.0130511813
2.333333333,AMP,1.5,MC-SCFP3A,0.208,0.01607275127
2.333333333,AMP,1.5,VIP205,0.118,0.005291502622
2.333333333,AMP,2,MC1061,0.2116666667,0.008412952976
2.333333333,AMP,2,MC-SCFP3A,0.2113333333,0.01322035468
2.333333333,AMP,2,VIPdeltaRecA,0.606875,0.02058903791
2.333333333,AMP,2,VIP205,0.1126666667,0.004484541349
2.333333333,AMP,2.5,MC1061,0.23,0.004041451884
2.333333333,AMP,2.5,MC-SCFP3A,0.2476666667,0.004630814663
2.333333333,AMP,2.5,VIP205,0.112,0.00916515139
2.333333333,AMP,3,VIPdeltaRecA,0.5845,0.01020329079
2.333333333,AMP,4,VIPdeltaRecA,0.622625,0.03681514513
2.333333333,AMP,5,MC1061,0.1996666667,0.002728450924
2.333333333,AMP,5,MC-SCFP3A,0.1803333333,0.01244097174
2.333333333,AMP,5,VIPdeltaRecA,0.596125,0.01037413938
2.333333333,AMP,5,VIP205,0.1333333333,0.0008819171037
2.333333333,Cd,0,MC1061,0.2796666667,0.03074808034
2.333333333,Cd,0,MC-SCFP3A,0.307,0.02872861524
2.333333333,Cd,0,VIPdeltaRecA,0.1323333333,0.003929942041
2.333333333,Cd,0,VIP205,0.1496666667,0.008685876147
2.333333333,Cd,0.025,MC1061,0.2336666667,0.01534419905
2.333333333,Cd,0.025,MC-SCFP3A,0.2346666667,0.00751295178
2.333333333,Cd,0.025,VIP205,0.09966666667,0.00202758751
2.333333333,Cd,0.05,MC1061,0.123,0.01436430762
2.333333333,Cd,0.05,MC-SCFP3A,0.155,0.01677299417
2.333333333,Cd,0.05,VIPdeltaRecA,0.39925,0.01177277428
2.333333333,Cd,0.05,VIP205,0.048,0.002081665999
2.333333333,Cd,0.1,MC1061,0.06233333333,0.003711842909
2.333333333,Cd,0.1,MC-SCFP3A,0.06133333333,0.006009252126
2.333333333,Cd,0.1,VIPdeltaRecA,0.262,0.02996724402
2.333333333,Cd,0.1,VIP205,0.02466666667,0.0003333333333
2.333333333,Cd,0.15,MC1061,0.02533333333,0.002962731472
2.333333333,Cd,0.15,MC-SCFP3A,0.04433333333,0.003333333333
2.333333333,Cd,0.15,VIPdeltaRecA,0.11275,0.006394054158
2.333333333,Cd,0.15,VIP205,0.02066666667,0.0003333333333
2.333333333,Cd,0.2,MC1061,0.02033333333,0.0008819171037
2.333333333,Cd,0.2,MC-SCFP3A,0.02533333333,0.0008819171037
2.333333333,Cd,0.2,VIPdeltaRecA,0.07925,0.002201866092
2.333333333,Cd,0.2,VIP205,0.02,0.0005773502692
2.333333333,Cd,0.25,MC1061,0.02033333333,0.001333333333
2.333333333,Cd,0.25,MC-SCFP3A,0.01833333333,0.0003333333333
2.333333333,Cd,0.25,VIPdeltaRecA,0.09075,0.003503824441
2.333333333,Cd,0.25,VIP205,0.018,0
2.333333333,Cd,0.3,VIPdeltaRecA,0.095125,0.001912715908
2.333333333,Cd,0.35,VIPdeltaRecA,0.097625,0.00224354232
2.333333333,Cd,0.4,VIPdeltaRecA,0.09825,0.002677618878
2.333333333,Cd,0.45,MC1061,0.02433333333,0.00202758751
2.333333333,Cd,0.45,MC-SCFP3A,0.02366666667,0.0003333333333
2.333333333,Cd,0.45,VIPdeltaRecA,0.09575,0.001654539211
2.333333333,Cd,0.45,VIP205,0.018,0.0005773502692
2.666666667,AMP,0,MC1061,0.3603333333,0.02237806466
2.666666667,AMP,0,MC-SCFP3A,0.319,0.06010823571
2.666666667,AMP,0,VIPdeltaRecA,0.1546666667,0.01377598555
2.666666667,AMP,0,VIP205,0.173,0.004725815626
2.666666667,AMP,0.25,MC1061,0.3233333333,0.03319805885
2.666666667,AMP,0.25,MC-SCFP3A,0.305,0.03148015248
2.666666667,AMP,0.25,VIP205,0.1956666667,0.004630814663
2.666666667,AMP,0.5,MC1061,0.2923333333,0.006565905201
2.666666667,AMP,0.5,MC-SCFP3A,0.277,0.026
2.666666667,AMP,0.5,VIP205,0.181,0.007767453465
2.666666667,AMP,1,MC1061,0.311,0.01850225212
2.666666667,AMP,1,MC-SCFP3A,0.2983333333,0.01649579071
2.666666667,AMP,1,VIPdeltaRecA,0.677625,0.01103555536
2.666666667,AMP,1,VIP205,0.166,0.004932882862
2.666666667,AMP,1.5,MC1061,0.31,0.01833939294
2.666666667,AMP,1.5,MC-SCFP3A,0.3173333333,0.01052510227
2.666666667,AMP,1.5,VIP205,0.1653333333,0.006691619967
2.666666667,AMP,2,MC1061,0.317,0.01517673658
2.666666667,AMP,2,MC-SCFP3A,0.3086666667,0.005364492313
2.666666667,AMP,2,VIPdeltaRecA,0.690625,0.02237899007
2.666666667,AMP,2,VIP205,0.1563333333,0.006887992773
2.666666667,AMP,2.5,MC1061,0.3513333333,0.009938701011
2.666666667,AMP,2.5,MC-SCFP3A,0.358,0.007211102551
2.666666667,AMP,2.5,VIP205,0.1556666667,0.01072898463
2.666666667,AMP,3,VIPdeltaRecA,0.671125,0.007510558045
2.666666667,AMP,4,VIPdeltaRecA,0.71025,0.03436866825
2.666666667,AMP,5,MC1061,0.264,0.003785938897
2.666666667,AMP,5,MC-SCFP3A,0.21,0.006557438524
2.666666667,AMP,5,VIPdeltaRecA,0.679125,0.009638904613
2.666666667,AMP,5,VIP205,0.1983333333,0.002185812841
2.666666667,Cd,0,MC1061,0.4126666667,0.02061013774
2.666666667,Cd,0,MC-SCFP3A,0.429,0.009848857802
2.666666667,Cd,0,VIPdeltaRecA,0.171,0.008082903769
2.666666667,Cd,0,VIP205,0.202,0.01266227994
2.666666667,Cd,0.025,MC1061,0.345,0.02364318084
2.666666667,Cd,0.025,MC-SCFP3A,0.3706666667,0.009261629326
2.666666667,Cd,0.025,VIP205,0.1516666667,0.004841946349
2.666666667,Cd,0.05,MC1061,0.173,0.009
2.666666667,Cd,0.05,MC-SCFP3A,0.223,0.01824828759
2.666666667,Cd,0.05,VIPdeltaRecA,0.49575,0.01656992758
2.666666667,Cd,0.05,VIP205,0.06266666667,0.003844187532
2.666666667,Cd,0.1,MC1061,0.08033333333,0.005696002497
2.666666667,Cd,0.1,MC-SCFP3A,0.07333333333,0.006173419726
2.666666667,Cd,0.1,VIPdeltaRecA,0.306625,0.03392319976
2.666666667,Cd,0.1,VIP205,0.02766666667,0.0003333333333
2.666666667,Cd,0.15,MC1061,0.02866666667,0.004409585518
2.666666667,Cd,0.15,MC-SCFP3A,0.04933333333,0.001855921454
2.666666667,Cd,0.15,VIPdeltaRecA,0.11725,0.008547660499
2.666666667,Cd,0.15,VIP205,0.021,0.0005773502692
2.666666667,Cd,0.2,MC1061,0.02066666667,0.0006666666667
2.666666667,Cd,0.2,MC-SCFP3A,0.02566666667,0.0008819171037
2.666666667,Cd,0.2,VIPdeltaRecA,0.073125,0.002263353233
2.666666667,Cd,0.2,VIP205,0.02,0.0005773502692
2.666666667,Cd,0.25,MC1061,0.02033333333,0.001333333333
2.666666667,Cd,0.25,MC-SCFP3A,0.01766666667,0.0003333333333
2.666666667,Cd,0.25,VIPdeltaRecA,0.085125,0.003308201389
2.666666667,Cd,0.25,VIP205,0.018,0
2.666666667,Cd,0.3,VIPdeltaRecA,0.090625,0.001762075683
2.666666667,Cd,0.35,VIPdeltaRecA,0.093375,0.002154210992
2.666666667,Cd,0.4,VIPdeltaRecA,0.09425,0.002491055427
2.666666667,Cd,0.45,MC1061,0.02433333333,0.00202758751
2.666666667,Cd,0.45,MC-SCFP3A,0.02366666667,0.0003333333333
2.666666667,Cd,0.45,VIPdeltaRecA,0.092,0.001638088317
2.666666667,Cd,0.45,VIP205,0.018,0.0005773502692
3,AMP,0,MC1061,0.4693333333,0.01186498115
3,AMP,0,MC-SCFP3A,0.4413333333,0.03583449611
3,AMP,0,VIPdeltaRecA,0.2153333333,0.02602776296
3,AMP,0,VIP205,0.243,0.01201388086
3,AMP,0.25,MC1061,0.4376666667,0.01822391591
3,AMP,0.25,MC-SCFP3A,0.4196666667,0.01975123062
3,AMP,0.25,VIP205,0.2806666667,0.004176654695
3,AMP,0.5,MC1061,0.398,0.002516611478
3,AMP,0.5,MC-SCFP3A,0.383,0.02013289183
3,AMP,0.5,VIP205,0.2583333333,0.009614803401
3,AMP,1,MC1061,0.3926666667,0.0131318104
3,AMP,1,MC-SCFP3A,0.4,0.01193035345
3,AMP,1,VIPdeltaRecA,0.792,0.007750576015
3,AMP,1,VIP205,0.2346666667,0.006691619967
3,AMP,1.5,MC1061,0.39,0.01266227994
3,AMP,1.5,MC-SCFP3A,0.4033333333,0.005364492313
3,AMP,1.5,VIP205,0.232,0.008544003745
3,AMP,2,MC1061,0.3833333333,0.0121151879
3,AMP,2,MC-SCFP3A,0.3826666667,0.004333333333
3,AMP,2,VIPdeltaRecA,0.78875,0.01675532964
3,AMP,2,VIP205,0.22,0.008326663998
3,AMP,2.5,MC1061,0.4056666667,0.02216854629
3,AMP,2.5,MC-SCFP3A,0.418,0.01026320288
3,AMP,2.5,VIP205,0.216,0.014571662
3,AMP,3,VIPdeltaRecA,0.78475,0.008979639668
3,AMP,4,VIPdeltaRecA,0.810875,0.02610927415
3,AMP,5,MC1061,0.2336666667,0.008192137152
3,AMP,5,MC-SCFP3A,0.147,0.001
3,AMP,5,VIPdeltaRecA,0.7925,0.008508399212
3,AMP,5,VIP205,0.2693333333,0.002185812841
3,Cd,0,MC1061,0.5043333333,0.01781697069
3,Cd,0,MC-SCFP3A,0.5076666667,0.008987645842
3,Cd,0,VIPdeltaRecA,0.2563333333,0.01068228024
3,Cd,0,VIP205,0.279,0.008082903769
3,Cd,0.025,MC1061,0.4366666667,0.01426339526
3,Cd,0.025,MC-SCFP3A,0.444,0.01039230485
3,Cd,0.025,VIP205,0.214,0.008621678104
3,Cd,0.05,MC1061,0.2553333333,0.01870234685
3,Cd,0.05,MC-SCFP3A,0.306,0.03280751946
3,Cd,0.05,VIPdeltaRecA,0.6295,0.01386800016
3,Cd,0.05,VIP205,0.084,0.005686240703
3,Cd,0.1,MC1061,0.1016666667,0.007838650678
3,Cd,0.1,MC-SCFP3A,0.08466666667,0.004333333333
3,Cd,0.1,VIPdeltaRecA,0.3545,0.03761743517
3,Cd,0.1,VIP205,0.03166666667,0.0003333333333
3,Cd,0.15,MC1061,0.03333333333,0.005607534614
3,Cd,0.15,MC-SCFP3A,0.052,0.001154700538
3,Cd,0.15,VIPdeltaRecA,0.118875,0.008775854659
3,Cd,0.15,VIP205,0.02133333333,0.0003333333333
3,Cd,0.2,MC1061,0.02066666667,0.0006666666667
3,Cd,0.2,MC-SCFP3A,0.02633333333,0.0008819171037
3,Cd,0.2,VIPdeltaRecA,0.067875,0.002317923178
3,Cd,0.2,VIP205,0.02033333333,0.0003333333333
3,Cd,0.25,MC1061,0.021,0.001
3,Cd,0.25,MC-SCFP3A,0.017,0.0005773502692
3,Cd,0.25,VIPdeltaRecA,0.079875,0.002899738289
3,Cd,0.25,VIP205,0.01833333333,0.0003333333333
3,Cd,0.3,VIPdeltaRecA,0.085625,0.001792220291
3,Cd,0.35,VIPdeltaRecA,0.088875,0.002108126284
3,Cd,0.4,VIPdeltaRecA,0.0895,0.002187627547
3,Cd,0.45,MC1061,0.02433333333,0.001763834207
3,Cd,0.45,MC-SCFP3A,0.02333333333,0.0003333333333
3,Cd,0.45,VIPdeltaRecA,0.087875,0.00157817141
3,Cd,0.45,VIP205,0.01833333333,0.0008819171037
3.333333333,AMP,0,MC1061,0.5273333333,0.009207484878
3.333333333,AMP,0,MC-SCFP3A,0.5266666667,0.01732371528
3.333333333,AMP,0,VIPdeltaRecA,0.2913333333,0.02305307885
3.333333333,AMP,0,VIP205,0.2906666667,0.01086789359
3.333333333,AMP,0.25,MC1061,0.4913333333,0.01179453734
3.333333333,AMP,0.25,MC-SCFP3A,0.4806666667,0.01192103649
3.333333333,AMP,0.25,VIP205,0.3373333333,0.001855921454
3.333333333,AMP,0.5,MC1061,0.4383333333,0.001763834207
3.333333333,AMP,0.5,MC-SCFP3A,0.447,0.003605551275
3.333333333,AMP,0.5,VIP205,0.3153333333,0.01128912948
3.333333333,AMP,1,MC1061,0.4373333333,0.008762292952
3.333333333,AMP,1,MC-SCFP3A,0.4496666667,0.00676592771
3.333333333,AMP,1,VIPdeltaRecA,0.8615,0.006310422218
3.333333333,AMP,1,VIP205,0.2886666667,0.009243616416
3.333333333,AMP,1.5,MC1061,0.431,0.005507570547
3.333333333,AMP,1.5,MC-SCFP3A,0.4576666667,0.003929942041
3.333333333,AMP,1.5,VIP205,0.278,0.01053565375
3.333333333,AMP,2,MC1061,0.3973333333,0.00405517502
3.333333333,AMP,2,MC-SCFP3A,0.4063333333,0.01065103021
3.333333333,AMP,2,VIPdeltaRecA,0.86475,0.007568142818
3.333333333,AMP,2,VIP205,0.2743333333,0.01257422408
3.333333333,AMP,2.5,MC1061,0.4053333333,0.01614861535
3.333333333,AMP,2.5,MC-SCFP3A,0.3903333333,0.007623064417
3.333333333,AMP,2.5,VIP205,0.2893333333,0.02075518677
3.333333333,AMP,3,VIPdeltaRecA,0.8525,0.004671341196
3.333333333,AMP,4,VIPdeltaRecA,0.866875,0.02108777362
3.333333333,AMP,5,MC1061,0.1376666667,0.01117039739
3.333333333,AMP,5,MC-SCFP3A,0.07733333333,0.002666666667
3.333333333,AMP,5,VIPdeltaRecA,0.856625,0.009178658282
3.333333333,AMP,5,VIP205,0.2623333333,0.00829323687
3.333333333,Cd,0,MC1061,0.5443333333,0.008743251366
3.333333333,Cd,0,MC-SCFP3A,0.5426666667,0.004977728174
3.333333333,Cd,0,VIPdeltaRecA,0.3166666667,0.005925462945
3.333333333,Cd,0,VIP205,0.3413333333,0.01189304185
3.333333333,Cd,0.025,MC1061,0.5036666667,0.005456901848
3.333333333,Cd,0.025,MC-SCFP3A,0.4996666667,0.009351173426
3.333333333,Cd,0.025,VIP205,0.2833333333,0.005174724899
3.333333333,Cd,0.05,MC1061,0.356,0.0196977156
3.333333333,Cd,0.05,MC-SCFP3A,0.4006666667,0.02474087935
3.333333333,Cd,0.05,VIPdeltaRecA,0.69925,0.008845398319
3.333333333,Cd,0.05,VIP205,0.1143333333,0.008089774066
3.333333333,Cd,0.1,MC1061,0.126,0.01113552873
3.333333333,Cd,0.1,MC-SCFP3A,0.093,0.003214550254
3.333333333,Cd,0.1,VIPdeltaRecA,0.4035,0.0395555667
3.333333333,Cd,0.1,VIP205,0.036,0.0005773502692
3.333333333,Cd,0.15,MC1061,0.039,0.007234178138
3.333333333,Cd,0.15,MC-SCFP3A,0.054,0.001154700538
3.333333333,Cd,0.15,VIPdeltaRecA,0.12625,0.009023283375
3.333333333,Cd,0.15,VIP205,0.02133333333,0.0003333333333
3.333333333,Cd,0.2,MC1061,0.02066666667,0.0006666666667
3.333333333,Cd,0.2,MC-SCFP3A,0.02733333333,0.0008819171037
3.333333333,Cd,0.2,VIPdeltaRecA,0.064625,0.002211475752
3.333333333,Cd,0.2,VIP205,0.021,0.0005773502692
3.333333333,Cd,0.25,MC1061,0.02133333333,0.001333333333
3.333333333,Cd,0.25,MC-SCFP3A,0.01666666667,0.0003333333333
3.333333333,Cd,0.25,VIPdeltaRecA,0.075375,0.002563044367
3.333333333,Cd,0.25,VIP205,0.01866666667,0.0003333333333
3.333333333,Cd,0.3,VIPdeltaRecA,0.081125,0.001563392602
3.333333333,Cd,0.35,VIPdeltaRecA,0.085625,0.002095381827
3.333333333,Cd,0.4,VIPdeltaRecA,0.085375,0.00249239916
3.333333333,Cd,0.45,MC1061,0.02433333333,0.001763834207
3.333333333,Cd,0.45,MC-SCFP3A,0.02333333333,0.0003333333333
3.333333333,Cd,0.45,VIPdeltaRecA,0.08525,0.001509690918
3.333333333,Cd,0.45,VIP205,0.01833333333,0.0008819171037
3.666666667,AMP,0,MC1061,0.5526666667,0.0006666666667
3.666666667,AMP,0,MC-SCFP3A,0.5626666667,0.005487359211
3.666666667,AMP,0,VIPdeltaRecA,0.3646666667,0.041248569
3.666666667,AMP,0,VIP205,0.365,0.009865765725
3.666666667,AMP,0.25,MC1061,0.5113333333,0.005607534614
3.666666667,AMP,0.25,MC-SCFP3A,0.5106666667,0.007881060278
3.666666667,AMP,0.25,VIP205,0.4133333333,0.0006666666667
3.666666667,AMP,0.5,MC1061,0.452,0.007211102551
3.666666667,AMP,0.5,MC-SCFP3A,0.465,0.005567764363
3.666666667,AMP,0.5,VIP205,0.389,0.012489996
3.666666667,AMP,1,MC1061,0.43,0.008082903769
3.666666667,AMP,1,MC-SCFP3A,0.4423333333,0.01121506923
3.666666667,AMP,1,VIPdeltaRecA,0.892,0.01060996836
3.666666667,AMP,1,VIP205,0.3486666667,0.01026861453
3.666666667,AMP,1.5,MC1061,0.4233333333,0.007125852775
3.666666667,AMP,1.5,MC-SCFP3A,0.407,0.009291573243
3.666666667,AMP,1.5,VIP205,0.3476666667,0.01533333333
3.666666667,AMP,2,MC1061,0.3746666667,0.0008819171037
3.666666667,AMP,2,MC-SCFP3A,0.328,0.00896288644
3.666666667,AMP,2,VIPdeltaRecA,0.910875,0.01270606928
3.666666667,AMP,2,VIP205,0.343,0.01205542755
3.666666667,AMP,2.5,MC1061,0.3406666667,0.01781697069
3.666666667,AMP,2.5,MC-SCFP3A,0.277,0.003
3.666666667,AMP,2.5,VIP205,0.35,0.0162583312
3.666666667,AMP,3,VIPdeltaRecA,0.89475,0.01244093187
3.666666667,AMP,4,VIPdeltaRecA,0.897375,0.0250228021
3.666666667,AMP,5,MC1061,0.07133333333,0.004841946349
3.666666667,AMP,5,MC-SCFP3A,0.052,0.001154700538
3.666666667,AMP,5,VIPdeltaRecA,0.893375,0.01817763294
3.666666667,AMP,5,VIP205,0.1823333333,0.01074450764
3.666666667,Cd,0,MC1061,0.5636666667,0.00202758751
3.666666667,Cd,0,MC-SCFP3A,0.5513333333,0.005364492313
3.666666667,Cd,0,VIPdeltaRecA,0.3946666667,0.003179797338
3.666666667,Cd,0,VIP205,0.427,0.01352774926
3.666666667,Cd,0.025,MC1061,0.534,0.006806859286
3.666666667,Cd,0.025,MC-SCFP3A,0.538,0.00896288644
3.666666667,Cd,0.025,VIP205,0.3606666667,0.004371625683
3.666666667,Cd,0.05,MC1061,0.4273333333,0.009837569709
3.666666667,Cd,0.05,MC-SCFP3A,0.451,0.006244997998
3.666666667,Cd,0.05,VIPdeltaRecA,0.7165,0.0102015405
3.666666667,Cd,0.05,VIP205,0.1536666667,0.0109138037
3.666666667,Cd,0.1,MC1061,0.1513333333,0.01484737163
3.666666667,Cd,0.1,MC-SCFP3A,0.09966666667,0.00240370085
3.666666667,Cd,0.1,VIPdeltaRecA,0.43875,0.03878316553
3.666666667,Cd,0.1,VIP205,0.04,0.0005773502692
3.666666667,Cd,0.15,MC1061,0.04433333333,0.007838650678
3.666666667,Cd,0.15,MC-SCFP3A,0.056,0.001154700538
3.666666667,Cd,0.15,VIPdeltaRecA,0.13575,0.01090339069
3.666666667,Cd,0.15,VIP205,0.02133333333,0.0003333333333
3.666666667,Cd,0.2,MC1061,0.02066666667,0.0006666666667
3.666666667,Cd,0.2,MC-SCFP3A,0.02866666667,0.0008819171037
3.666666667,Cd,0.2,VIPdeltaRecA,0.06225,0.002152656167
3.666666667,Cd,0.2,VIP205,0.021,0.0005773502692
3.666666667,Cd,0.25,MC1061,0.02133333333,0.001333333333
3.666666667,Cd,0.25,MC-SCFP3A,0.016,0.0005773502692
3.666666667,Cd,0.25,VIPdeltaRecA,0.071375,0.002499553532
3.666666667,Cd,0.25,VIP205,0.01866666667,0.0003333333333
3.666666667,Cd,0.3,VIPdeltaRecA,0.07775,0.001448521414
3.666666667,Cd,0.35,VIPdeltaRecA,0.08225,0.002024404674
3.666666667,Cd,0.4,VIPdeltaRecA,0.082125,0.002021646253
3.666666667,Cd,0.45,MC1061,0.02433333333,0.001763834207
3.666666667,Cd,0.45,MC-SCFP3A,0.023,0
3.666666667,Cd,0.45,VIPdeltaRecA,0.0828125,0.001360817003
3.666666667,Cd,0.45,VIP205,0.01833333333,0.0008819171037
4,AMP,0,MC1061,0.5726666667,0.008373237791
4,AMP,0,MC-SCFP3A,0.577,0.004582575695
4,AMP,0,VIPdeltaRecA,0.4303333333,0.02687212517
4,AMP,0,VIP205,0.4436666667,0.008569973421
4,AMP,0.25,MC1061,0.522,0.001732050808
4,AMP,0.25,MC-SCFP3A,0.5176666667,0.002185812841
4,AMP,0.25,VIP205,0.5063333333,0.007356025497
4,AMP,0.5,MC1061,0.4313333333,0.002962731472
4,AMP,0.5,MC-SCFP3A,0.461,0.004582575695
4,AMP,0.5,VIP205,0.471,0.01833939294
4,AMP,1,MC1061,0.3796666667,0.00348010217
4,AMP,1,MC-SCFP3A,0.3976666667,0.01555992002
4,AMP,1,VIPdeltaRecA,0.877625,0.008756502686
4,AMP,1,VIP205,0.4136666667,0.007688375063
4,AMP,1.5,MC1061,0.3403333333,0.00976956726
4,AMP,1.5,MC-SCFP3A,0.321,0.001
4,AMP,1.5,VIP205,0.3886666667,0.004702245327
4,AMP,2,MC1061,0.281,0.001527525232
4,AMP,2,MC-SCFP3A,0.2316666667,0.005174724899
4,AMP,2,VIPdeltaRecA,0.904125,0.007067120802
4,AMP,2,VIP205,0.3333333333,0.007859884082
4,AMP,2.5,MC1061,0.252,0.0130511813
4,AMP,2.5,MC-SCFP3A,0.164,0.002
4,AMP,2.5,VIP205,0.3016666667,0.008171767115
4,AMP,3,VIPdeltaRecA,0.900625,0.0105270697
4,AMP,4,VIPdeltaRecA,0.9145,0.02564872595
4,AMP,5,MC1061,0.051,0.002516611478
4,AMP,5,MC-SCFP3A,0.04233333333,0.0008819171037
4,AMP,5,VIPdeltaRecA,0.881375,0.01827267427
4,AMP,5,VIP205,0.12,0.004163331999
4,Cd,0,MC1061,0.5853333333,0.007356025497
4,Cd,0,MC-SCFP3A,0.5126666667,0.06140123053
4,Cd,0,VIPdeltaRecA,0.495,0.01331665624
4,Cd,0,VIP205,0.5453333333,0.03086169866
4,Cd,0.025,MC1061,0.5453333333,0.008252945602
4,Cd,0.025,MC-SCFP3A,0.5453333333,0.01234683945
4,Cd,0.025,VIP205,0.4283333333,0.006437735972
4,Cd,0.05,MC1061,0.4606666667,0.007666666667
4,Cd,0.05,MC-SCFP3A,0.4816666667,0.01316983084
4,Cd,0.05,VIPdeltaRecA,0.713625,0.0134893311
4,Cd,0.05,VIP205,0.202,0.01289702808
4,Cd,0.1,MC1061,0.182,0.02066397832
4,Cd,0.1,MC-SCFP3A,0.1063333333,0.001666666667
4,Cd,0.1,VIPdeltaRecA,0.46825,0.03582534518
4,Cd,0.1,VIP205,0.044,0.0005773502692
4,Cd,0.15,MC1061,0.049,0.007211102551
4,Cd,0.15,MC-SCFP3A,0.05766666667,0.0008819171037
4,Cd,0.15,VIPdeltaRecA,0.14875,0.01403535078
4,Cd,0.15,VIP205,0.02133333333,0.0003333333333
4,Cd,0.2,MC1061,0.02066666667,0.0006666666667
4,Cd,0.2,MC-SCFP3A,0.02933333333,0.001201850425
4,Cd,0.2,VIPdeltaRecA,0.059875,0.002099638574
4,Cd,0.2,VIP205,0.021,0.0005773502692
4,Cd,0.25,MC1061,0.02133333333,0.001333333333
4,Cd,0.25,MC-SCFP3A,0.01566666667,0.0003333333333
4,Cd,0.25,VIPdeltaRecA,0.06925,0.003336754197
4,Cd,0.25,VIP205,0.01866666667,0.0003333333333
4,Cd,0.3,VIPdeltaRecA,0.07525,0.001719115221
4,Cd,0.35,VIPdeltaRecA,0.079375,0.001889231703
4,Cd,0.4,VIPdeltaRecA,0.079,0.001991051409
4,Cd,0.45,MC1061,0.02433333333,0.001763834207
4,Cd,0.45,MC-SCFP3A,0.02266666667,0.0003333333333
4,Cd,0.45,VIPdeltaRecA,0.0805,0.001287762918
4,Cd,0.45,VIP205,0.01833333333,0.0008819171037
4.333333333,AMP,0,MC1061,0.5956666667,0.006565905201
4.333333333,AMP,0,MC-SCFP3A,0.5773333333,0.00705533683
4.333333333,AMP,0,VIPdeltaRecA,0.5576666667,0.06776019808
4.333333333,AMP,0,VIP205,0.547,0.01331665624
4.333333333,AMP,0.25,MC1061,0.5093333333,0.02021825358
4.333333333,AMP,0.25,MC-SCFP3A,0.517,0.002886751346
4.333333333,AMP,0.25,VIP205,0.575,0.03066485502
4.333333333,AMP,0.5,MC1061,0.4093333333,0.006936217349
4.333333333,AMP,0.5,MC-SCFP3A,0.437,0.008717797887
4.333333333,AMP,0.5,VIP205,0.5236666667,0.008743251366
4.333333333,AMP,1,MC1061,0.322,0.002886751346
4.333333333,AMP,1,MC-SCFP3A,0.3413333333,0.020019435
4.333333333,AMP,1,VIPdeltaRecA,0.89375,0.01022907271
4.333333333,AMP,1,VIP205,0.4323333333,0.009333333333
4.333333333,AMP,1.5,MC1061,0.2556666667,0.005456901848
4.333333333,AMP,1.5,MC-SCFP3A,0.2226666667,0.002848001248
4.333333333,AMP,1.5,VIP205,0.354,0.008544003745
4.333333333,AMP,2,MC1061,0.1923333333,0.001452966315
4.333333333,AMP,2,MC-SCFP3A,0.146,0.003214550254
4.333333333,AMP,2,VIPdeltaRecA,0.918875,0.01262570719
4.333333333,AMP,2,VIP205,0.2656666667,0.01451818783
4.333333333,AMP,2.5,MC1061,0.1586666667,0.009683892698
4.333333333,AMP,2.5,MC-SCFP3A,0.1103333333,0.001763834207
4.333333333,AMP,2.5,VIP205,0.2186666667,0.004910306621
4.333333333,AMP,3,VIPdeltaRecA,0.920625,0.01466523769
4.333333333,AMP,4,VIPdeltaRecA,0.9365,0.02450947339
4.333333333,AMP,5,MC1061,0.04666666667,0.0006666666667
4.333333333,AMP,5,MC-SCFP3A,0.03966666667,0.0008819171037
4.333333333,AMP,5,VIPdeltaRecA,0.900625,0.01535756852
4.333333333,AMP,5,VIP205,0.09266666667,0.002185812841
4.333333333,Cd,0,MC1061,0.4736666667,0.02770278767
4.333333333,Cd,0,MC-SCFP3A,0.4496666667,0.01794745417
4.333333333,Cd,0,VIPdeltaRecA,0.5706666667,0.03101254227
4.333333333,Cd,0,VIP205,0.5986666667,0.01802159199
4.333333333,Cd,0.025,MC1061,0.5536666667,0.008089774066
4.333333333,Cd,0.025,MC-SCFP3A,0.5606666667,0.0177043623
4.333333333,Cd,0.025,VIP205,0.508,0.006110100927
4.333333333,Cd,0.05,MC1061,0.4683333333,0.002603416559
4.333333333,Cd,0.05,MC-SCFP3A,0.4776666667,0.01386041526
4.333333333,Cd,0.05,VIPdeltaRecA,0.6865,0.01612562291
4.333333333,Cd,0.05,VIP205,0.25,0.0144222051
4.333333333,Cd,0.1,MC1061,0.2173333333,0.02624457616
4.333333333,Cd,0.1,MC-SCFP3A,0.1123333333,0.001763834207
4.333333333,Cd,0.1,VIPdeltaRecA,0.4925,0.03159396416
4.333333333,Cd,0.1,VIP205,0.04866666667,0.0008819171037
4.333333333,Cd,0.15,MC1061,0.053,0.006244997998
4.333333333,Cd,0.15,MC-SCFP3A,0.05966666667,0.0003333333333
4.333333333,Cd,0.15,VIPdeltaRecA,0.160375,0.01695259936
4.333333333,Cd,0.15,VIP205,0.02166666667,0.0003333333333
4.333333333,Cd,0.2,MC1061,0.02033333333,0.0003333333333
4.333333333,Cd,0.2,MC-SCFP3A,0.03033333333,0.001201850425
4.333333333,Cd,0.2,VIPdeltaRecA,0.056,0.001792842914
4.333333333,Cd,0.2,VIP205,0.021,0.0005773502692
4.333333333,Cd,0.25,MC1061,0.02166666667,0.001201850425
4.333333333,Cd,0.25,MC-SCFP3A,0.01566666667,0.0003333333333
4.333333333,Cd,0.25,VIPdeltaRecA,0.064875,0.003695738376
4.333333333,Cd,0.25,VIP205,0.019,0
4.333333333,Cd,0.3,VIPdeltaRecA,0.071125,0.001630485248
4.333333333,Cd,0.35,VIPdeltaRecA,0.075375,0.001657639242
4.333333333,Cd,0.4,VIPdeltaRecA,0.076625,0.001945117514
4.333333333,Cd,0.45,MC1061,0.02433333333,0.001763834207
4.333333333,Cd,0.45,MC-SCFP3A,0.02266666667,0.0003333333333
4.333333333,Cd,0.45,VIPdeltaRecA,0.078125,0.001139718533
4.333333333,Cd,0.45,VIP205,0.01866666667,0.0008819171037
4.666666667,AMP,0,MC1061,0.5423333333,0.07078213836
4.666666667,AMP,0,MC-SCFP3A,0.5346666667,0.04745992461
4.666666667,AMP,0,VIPdeltaRecA,0.6546666667,0.04878638244
4.666666667,AMP,0,VIP205,0.6133333333,0.03380992622
4.666666667,AMP,0.25,MC1061,0.519,0.01539480432
4.666666667,AMP,0.25,MC-SCFP3A,0.5153333333,0.009597453366
4.666666667,AMP,0.25,VIP205,0.588,0.03501904244
4.666666667,AMP,0.5,MC1061,0.384,0.007937253933
4.666666667,AMP,0.5,MC-SCFP3A,0.4226666667,0.007881060278
4.666666667,AMP,0.5,VIP205,0.5113333333,0.01361779881
4.666666667,AMP,1,MC1061,0.269,0.007023769169
4.666666667,AMP,1,MC-SCFP3A,0.2773333333,0.01614861535
4.666666667,AMP,1,VIPdeltaRecA,0.896375,0.01246844231
4.666666667,AMP,1,VIP205,0.3996666667,0.0175720738
4.666666667,AMP,1.5,MC1061,0.182,0.002081665999
4.666666667,AMP,1.5,MC-SCFP3A,0.1553333333,0.00240370085
4.666666667,AMP,1.5,VIP205,0.2763333333,0.01098989435
4.666666667,AMP,2,MC1061,0.136,0.002516611478
4.666666667,AMP,2,MC-SCFP3A,0.1116666667,0.00202758751
4.666666667,AMP,2,VIPdeltaRecA,0.919125,0.01365053309
4.666666667,AMP,2,VIP205,0.1893333333,0.009735387911
4.666666667,AMP,2.5,MC1061,0.1126666667,0.00676592771
4.666666667,AMP,2.5,MC-SCFP3A,0.09133333333,0.001452966315
4.666666667,AMP,2.5,VIP205,0.157,0.0005773502692
4.666666667,AMP,3,VIPdeltaRecA,0.92075,0.01366140288
4.666666667,AMP,4,VIPdeltaRecA,0.921,0.01910684245
4.666666667,AMP,5,MC1061,0.043,0.0005773502692
4.666666667,AMP,5,MC-SCFP3A,0.03733333333,0.001201850425
4.666666667,AMP,5,VIPdeltaRecA,0.919125,0.01505399508
4.666666667,AMP,5,VIP205,0.08366666667,0.002185812841
4.666666667,Cd,0,MC1061,0.504,0.0118462371
4.666666667,Cd,0,MC-SCFP3A,0.506,0.01113552873
4.666666667,Cd,0,VIPdeltaRecA,0.6683333333,0.02395365896
4.666666667,Cd,0,VIP205,0.5886666667,0.01238726945
4.666666667,Cd,0.025,MC1061,0.5666666667,0.01257422408
4.666666667,Cd,0.025,MC-SCFP3A,0.5116666667,0.05483409321
4.666666667,Cd,0.025,VIP205,0.5923333333,0.00348010217
4.666666667,Cd,0.05,MC1061,0.4606666667,0.0144029318
4.666666667,Cd,0.05,MC-SCFP3A,0.5016666667,0.01726589445
4.666666667,Cd,0.05,VIPdeltaRecA,0.66725,0.01673720193
4.666666667,Cd,0.05,VIP205,0.3056666667,0.01519137182
4.666666667,Cd,0.1,MC1061,0.2566666667,0.03389362444
4.666666667,Cd,0.1,MC-SCFP3A,0.1196666667,0.001201850425
4.666666667,Cd,0.1,VIPdeltaRecA,0.515875,0.02771889344
4.666666667,Cd,0.1,VIP205,0.053,0.001
4.666666667,Cd,0.15,MC1061,0.056,0.004932882862
4.666666667,Cd,0.15,MC-SCFP3A,0.06033333333,0.0008819171037
4.666666667,Cd,0.15,VIPdeltaRecA,0.176125,0.02024002179
4.666666667,Cd,0.15,VIP205,0.02166666667,0.0003333333333
4.666666667,Cd,0.2,MC1061,0.02033333333,0.0003333333333
4.666666667,Cd,0.2,MC-SCFP3A,0.03133333333,0.001201850425
4.666666667,Cd,0.2,VIPdeltaRecA,0.05525,0.002006685255
4.666666667,Cd,0.2,VIP205,0.02133333333,0.0003333333333
4.666666667,Cd,0.25,MC1061,0.02166666667,0.001201850425
4.666666667,Cd,0.25,MC-SCFP3A,0.01533333333,0.0003333333333
4.666666667,Cd,0.25,VIPdeltaRecA,0.063,0.003212698021
4.666666667,Cd,0.25,VIP205,0.019,0
4.666666667,Cd,0.3,VIPdeltaRecA,0.069,0.001658312395
4.666666667,Cd,0.35,VIPdeltaRecA,0.073625,0.001821866194
4.666666667,Cd,0.4,VIPdeltaRecA,0.076125,0.002133386811
4.666666667,Cd,0.45,MC1061,0.024,0.001527525232
4.666666667,Cd,0.45,MC-SCFP3A,0.02233333333,0.0003333333333
4.666666667,Cd,0.45,VIPdeltaRecA,0.0766875,0.001142799013
4.666666667,Cd,0.45,VIP205,0.01866666667,0.0008819171037
5,AMP,0,MC1061,0.449,0.001154700538
5,AMP,0,MC-SCFP3A,0.489,0.01250333289
5,AMP,0,VIPdeltaRecA,0.6516666667,0.01178039803
5,AMP,0,VIP205,0.619,0.02685764944
5,AMP,0.25,MC1061,0.5146666667,0.01783566963
5,AMP,0.25,MC-SCFP3A,0.5126666667,0.01530068989
5,AMP,0.25,VIP205,0.55,0.03008875759
5,AMP,0.5,MC1061,0.351,0.00608276253
5,AMP,0.5,MC-SCFP3A,0.386,0.008144527815
5,AMP,0.5,VIP205,0.4803333333,0.01146492235
5,AMP,1,MC1061,0.2063333333,0.003844187532
5,AMP,1,MC-SCFP3A,0.221,0.01320353488
5,AMP,1,VIPdeltaRecA,0.899875,0.01381696356
5,AMP,1,VIP205,0.3443333333,0.02716820037
5,AMP,1.5,MC1061,0.1453333333,0.002905932629
5,AMP,1.5,MC-SCFP3A,0.1276666667,0.003282952601
5,AMP,1.5,VIP205,0.2166666667,0.006691619967
5,AMP,2,MC1061,0.1123333333,0.002666666667
5,AMP,2,MC-SCFP3A,0.097,0.002645751311
5,AMP,2,VIPdeltaRecA,0.915875,0.0139263849
5,AMP,2,VIP205,0.149,0.007023769169
5,AMP,2.5,MC1061,0.09566666667,0.004176654695
5,AMP,2.5,MC-SCFP3A,0.08033333333,0.001201850425
5,AMP,2.5,VIP205,0.1293333333,0.002728450924
5,AMP,3,VIPdeltaRecA,0.914875,0.009640757046
5,AMP,4,VIPdeltaRecA,0.905375,0.01679278916
5,AMP,5,MC1061,0.04266666667,0.0003333333333
5,AMP,5,MC-SCFP3A,0.036,0.001527525232
5,AMP,5,VIPdeltaRecA,0.89825,0.01603984993
5,AMP,5,VIP205,0.07933333333,0.00240370085
5,Cd,0,MC1061,0.531,0.007023769169
5,Cd,0,MC-SCFP3A,0.5293333333,0.007838650678
5,Cd,0,VIPdeltaRecA,0.6263333333,0.02971718545
5,Cd,0,VIP205,0.575,0.01484362939
5,Cd,0.025,MC1061,0.448,0.02151743479
5,Cd,0.025,MC-SCFP3A,0.4743333333,0.04596133641
5,Cd,0.025,VIP205,0.586,0.006350852961
5,Cd,0.05,MC1061,0.479,0.007637626158
5,Cd,0.05,MC-SCFP3A,0.51,0.01513274595
5,Cd,0.05,VIPdeltaRecA,0.665375,0.01748870809
5,Cd,0.05,VIP205,0.3513333333,0.008762292952
5,Cd,0.1,MC1061,0.312,0.04119870548
5,Cd,0.1,MC-SCFP3A,0.1276666667,0.001201850425
5,Cd,0.1,VIPdeltaRecA,0.534875,0.02310104937
5,Cd,0.1,VIP205,0.05733333333,0.001201850425
5,Cd,0.15,MC1061,0.05733333333,0.00405517502
5,Cd,0.15,MC-SCFP3A,0.06033333333,0.0008819171037
5,Cd,0.15,VIPdeltaRecA,0.191125,0.02207652074
5,Cd,0.15,VIP205,0.02233333333,0.0003333333333
5,Cd,0.2,MC1061,0.01966666667,0.0006666666667
5,Cd,0.2,MC-SCFP3A,0.03233333333,0.001201850425
5,Cd,0.2,VIPdeltaRecA,0.054625,0.001889231703
5,Cd,0.2,VIP205,0.02266666667,0.0008819171037
5,Cd,0.25,MC1061,0.02166666667,0.001201850425
5,Cd,0.25,MC-SCFP3A,0.01533333333,0.0003333333333
5,Cd,0.25,VIPdeltaRecA,0.06175,0.003160865614
5,Cd,0.25,VIP205,0.019,0
5,Cd,0.3,VIPdeltaRecA,0.06675,0.001770290533
5,Cd,0.35,VIPdeltaRecA,0.070875,0.002247518473
5,Cd,0.4,VIPdeltaRecA,0.075125,0.002531498004
5,Cd,0.45,MC1061,0.02366666667,0.001855921454
5,Cd,0.45,MC-SCFP3A,0.02233333333,0.0003333333333
5,Cd,0.45,VIPdeltaRecA,0.0745,0.001056724499
5,Cd,0.45,VIP205,0.01866666667,0.0008819171037
5.333333333,AMP,0,MC1061,0.493,0.002081665999
5.333333333,AMP,0,MC-SCFP3A,0.514,0.02454248018
5.333333333,AMP,0,VIPdeltaRecA,0.6686666667,0.02110555482
5.333333333,AMP,0,VIP205,0.6016666667,0.03410930144
5.333333333,AMP,0.25,MC1061,0.49,0.01266227994
5.333333333,AMP,0.25,MC-SCFP3A,0.504,0.01250333289
5.333333333,AMP,0.25,VIP205,0.534,0.02291287847
5.333333333,AMP,0.5,MC1061,0.3273333333,0.005783117191
5.333333333,AMP,0.5,MC-SCFP3A,0.3666666667,0.005364492313
5.333333333,AMP,0.5,VIP205,0.463,0.019
5.333333333,AMP,1,MC1061,0.1746666667,0.002666666667
5.333333333,AMP,1,MC-SCFP3A,0.1873333333,0.008353309391
5.333333333,AMP,1,VIPdeltaRecA,0.876125,0.01213383331
5.333333333,AMP,1,VIP205,0.2956666667,0.02674156149
5.333333333,AMP,1.5,MC1061,0.1296666667,0.002848001248
5.333333333,AMP,1.5,MC-SCFP3A,0.116,0.003785938897
5.333333333,AMP,1.5,VIP205,0.1846666667,0.004630814663
5.333333333,AMP,2,MC1061,0.094,0.001154700538
5.333333333,AMP,2,MC-SCFP3A,0.088,0.002081665999
5.333333333,AMP,2,VIPdeltaRecA,0.88925,0.01215634755
5.333333333,AMP,2,VIP205,0.1313333333,0.005174724899
5.333333333,AMP,2.5,MC1061,0.08566666667,0.002333333333
5.333333333,AMP,2.5,MC-SCFP3A,0.066,0.001
5.333333333,AMP,2.5,VIP205,0.1166666667,0.003333333333
5.333333333,AMP,3,VIPdeltaRecA,0.89975,0.008043964019
5.333333333,AMP,4,VIPdeltaRecA,0.884875,0.01753917808
5.333333333,AMP,5,MC1061,0.04233333333,0.0003333333333
5.333333333,AMP,5,MC-SCFP3A,0.03533333333,0.001666666667
5.333333333,AMP,5,VIPdeltaRecA,0.895625,0.01493191393
5.333333333,AMP,5,VIP205,0.07666666667,0.002603416559
5.333333333,Cd,0,MC1061,0.538,0.005196152423
5.333333333,Cd,0,MC-SCFP3A,0.539,0.007637626158
5.333333333,Cd,0,VIPdeltaRecA,0.628,0.009073771726
5.333333333,Cd,0,VIP205,0.5883333333,0.01483614206
5.333333333,Cd,0.025,MC1061,0.4673333333,0.007535103037
5.333333333,Cd,0.025,MC-SCFP3A,0.506,0.02577466456
5.333333333,Cd,0.025,VIP205,0.5823333333,0.006839428176
5.333333333,Cd,0.05,MC1061,0.4866666667,0.01121506923
5.333333333,Cd,0.05,MC-SCFP3A,0.492,0.014
5.333333333,Cd,0.05,VIPdeltaRecA,0.6475,0.01566502018
5.333333333,Cd,0.05,VIP205,0.3913333333,0.01186498115
5.333333333,Cd,0.1,MC1061,0.3633333333,0.0443258139
5.333333333,Cd,0.1,MC-SCFP3A,0.1376666667,0.00240370085
5.333333333,Cd,0.1,VIPdeltaRecA,0.5435,0.01952836764
5.333333333,Cd,0.1,VIP205,0.06166666667,0.0008819171037
5.333333333,Cd,0.15,MC1061,0.05833333333,0.00348010217
5.333333333,Cd,0.15,MC-SCFP3A,0.05966666667,0.001452966315
5.333333333,Cd,0.15,VIPdeltaRecA,0.20425,0.02306957644
5.333333333,Cd,0.15,VIP205,0.02233333333,0.0003333333333
5.333333333,Cd,0.2,MC1061,0.01966666667,0.0006666666667
5.333333333,Cd,0.2,MC-SCFP3A,0.03233333333,0.001201850425
5.333333333,Cd,0.2,VIPdeltaRecA,0.053125,0.001816958801
5.333333333,Cd,0.2,VIP205,0.02233333333,0.0003333333333
5.333333333,Cd,0.25,MC1061,0.02166666667,0.001201850425
5.333333333,Cd,0.25,MC-SCFP3A,0.01533333333,0.0003333333333
5.333333333,Cd,0.25,VIPdeltaRecA,0.058625,0.002927318983
5.333333333,Cd,0.25,VIP205,0.01966666667,0.0003333333333
5.333333333,Cd,0.3,VIPdeltaRecA,0.063125,0.001469177369
5.333333333,Cd,0.35,VIPdeltaRecA,0.066375,0.001860659445
5.333333333,Cd,0.4,VIPdeltaRecA,0.0705,0.00251424513
5.333333333,Cd,0.45,MC1061,0.02366666667,0.001855921454
5.333333333,Cd,0.45,MC-SCFP3A,0.02233333333,0.0003333333333
5.333333333,Cd,0.45,VIPdeltaRecA,0.0691875,0.001037700784
5.333333333,Cd,0.45,VIP205,0.019,0.0005773502692
5.666666667,AMP,0,MC1061,0.5023333333,0.002333333333
5.666666667,AMP,0,MC-SCFP3A,0.511,0.007505553499
5.666666667,AMP,0,VIPdeltaRecA,0.6493333333,0.0160450754
5.666666667,AMP,0,VIP205,0.6223333333,0.04046534869
5.666666667,AMP,0.25,MC1061,0.454,0.0140118997
5.666666667,AMP,0.25,MC-SCFP3A,0.4856666667,0.007965202097
5.666666667,AMP,0.25,VIP205,0.5423333333,0.01682590595
5.666666667,AMP,0.5,MC1061,0.302,0.005291502622
5.666666667,AMP,0.5,MC-SCFP3A,0.3333333333,0.004176654695
5.666666667,AMP,0.5,VIP205,0.4446666667,0.02179704363
5.666666667,AMP,1,MC1061,0.159,0.002
5.666666667,AMP,1,MC-SCFP3A,0.1666666667,0.005174724899
5.666666667,AMP,1,VIPdeltaRecA,0.86025,0.01227621103
5.666666667,AMP,1,VIP205,0.26,0.02433789912
5.666666667,AMP,1.5,MC1061,0.108,0.005291502622
5.666666667,AMP,1.5,MC-SCFP3A,0.108,0.003785938897
5.666666667,AMP,1.5,VIP205,0.166,0.004509249753
5.666666667,AMP,2,MC1061,0.08966666667,0.001855921454
5.666666667,AMP,2,MC-SCFP3A,0.07633333333,0.00202758751
5.666666667,AMP,2,VIPdeltaRecA,0.875125,0.01140243943
5.666666667,AMP,2,VIP205,0.121,0.005507570547
5.666666667,AMP,2.5,MC1061,0.08166666667,0.001666666667
5.666666667,AMP,2.5,MC-SCFP3A,0.06433333333,0.00202758751
5.666666667,AMP,2.5,VIP205,0.11,0.003511884584
5.666666667,AMP,3,VIPdeltaRecA,0.875,0.0109983765
5.666666667,AMP,4,VIPdeltaRecA,0.866125,0.01610838014
5.666666667,AMP,5,MC1061,0.04266666667,0.0006666666667
5.666666667,AMP,5,MC-SCFP3A,0.03433333333,0.002185812841
5.666666667,AMP,5,VIPdeltaRecA,0.87425,0.01487297405
5.666666667,AMP,5,VIP205,0.07433333333,0.002333333333
5.666666667,Cd,0,MC1061,0.5406666667,0.004484541349
5.666666667,Cd,0,MC-SCFP3A,0.5366666667,0.003711842909
5.666666667,Cd,0,VIPdeltaRecA,0.629,0.006110100927
5.666666667,Cd,0,VIP205,0.6096666667,0.008950481055
5.666666667,Cd,0.025,MC1061,0.495,0.006429100507
5.666666667,Cd,0.025,MC-SCFP3A,0.5013333333,0.003929942041
5.666666667,Cd,0.025,VIP205,0.5873333333,0.0139084307
5.666666667,Cd,0.05,MC1061,0.474,0.002
5.666666667,Cd,0.05,MC-SCFP3A,0.4713333333,0.02569262756
5.666666667,Cd,0.05,VIPdeltaRecA,0.629125,0.01709786693
5.666666667,Cd,0.05,VIP205,0.418,0.01331665624
5.666666667,Cd,0.1,MC1061,0.3946666667,0.02748534963
5.666666667,Cd,0.1,MC-SCFP3A,0.1496666667,0.003382963855
5.666666667,Cd,0.1,VIPdeltaRecA,0.54625,0.01655914723
5.666666667,Cd,0.1,VIP205,0.06633333333,0.001201850425
5.666666667,Cd,0.15,MC1061,0.058,0.002309401077
5.666666667,Cd,0.15,MC-SCFP3A,0.05866666667,0.001855921454
5.666666667,Cd,0.15,VIPdeltaRecA,0.214375,0.02425823682
5.666666667,Cd,0.15,VIP205,0.02233333333,0.0003333333333
5.666666667,Cd,0.2,MC1061,0.01933333333,0.0003333333333
5.666666667,Cd,0.2,MC-SCFP3A,0.03233333333,0.001201850425
5.666666667,Cd,0.2,VIPdeltaRecA,0.05075,0.002185585897
5.666666667,Cd,0.2,VIP205,0.02233333333,0.0003333333333
5.666666667,Cd,0.25,MC1061,0.02166666667,0.001201850425
5.666666667,Cd,0.25,MC-SCFP3A,0.015,0.0005773502692
5.666666667,Cd,0.25,VIPdeltaRecA,0.0545,0.002976095237
5.666666667,Cd,0.25,VIP205,0.01966666667,0.0003333333333
5.666666667,Cd,0.3,VIPdeltaRecA,0.059625,0.001721061757
5.666666667,Cd,0.35,VIPdeltaRecA,0.06325,0.001622938253
5.666666667,Cd,0.4,VIPdeltaRecA,0.067875,0.002531498004
5.666666667,Cd,0.45,MC1061,0.02366666667,0.001855921454
5.666666667,Cd,0.45,MC-SCFP3A,0.02233333333,0.0003333333333
5.666666667,Cd,0.45,VIPdeltaRecA,0.0669375,0.001014350161
5.666666667,Cd,0.45,VIP205,0.01933333333,0.0008819171037
6,AMP,0,MC1061,0.5076666667,0.00202758751
6,AMP,0,MC-SCFP3A,0.524,0.005196152423
6,AMP,0,VIPdeltaRecA,0.623,0.02466441431
6,AMP,0,VIP205,0.666,0.0456216323
6,AMP,0.25,MC1061,0.4303333333,0.01729482903
6,AMP,0.25,MC-SCFP3A,0.4676666667,0.008666666667
6,AMP,0.25,VIP205,0.5406666667,0.0104774891
6,AMP,0.5,MC1061,0.2833333333,0.001763834207
6,AMP,0.5,MC-SCFP3A,0.307,0.004618802154
6,AMP,0.5,VIP205,0.421,0.02400694344
6,AMP,1,MC1061,0.145,0.007371114796
6,AMP,1,MC-SCFP3A,0.1556666667,0.003282952601
6,AMP,1,VIPdeltaRecA,0.8445,0.01133578405
6,AMP,1,VIP205,0.235,0.02302896727
6,AMP,1.5,MC1061,0.09766666667,0.00348010217
6,AMP,1.5,MC-SCFP3A,0.1036666667,0.00405517502
6,AMP,1.5,VIP205,0.1526666667,0.005206833117
6,AMP,2,MC1061,0.08866666667,0.002962731472
6,AMP,2,MC-SCFP3A,0.068,0.004582575695
6,AMP,2,VIPdeltaRecA,0.852,0.0112994943
6,AMP,2,VIP205,0.115,0.006
6,AMP,2.5,MC1061,0.08266666667,0.001201850425
6,AMP,2.5,MC-SCFP3A,0.06666666667,0.002333333333
6,AMP,2.5,VIP205,0.1033333333,0.002333333333
6,AMP,3,VIPdeltaRecA,0.853,0.01120905246
6,AMP,4,VIPdeltaRecA,0.84975,0.01621149284
6,AMP,5,MC1061,0.043,0.0005773502692
6,AMP,5,MC-SCFP3A,0.034,0.002081665999
6,AMP,5,VIPdeltaRecA,0.844625,0.01324351256
6,AMP,5,VIP205,0.07266666667,0.002333333333
6,Cd,0,MC1061,0.5406666667,0.005238744549
6,Cd,0,MC-SCFP3A,0.5423333333,0.008353309391
6,Cd,0,VIPdeltaRecA,0.6253333333,0.006009252126
6,Cd,0,VIP205,0.633,0.00608276253
6,Cd,0.025,MC1061,0.5066666667,0.004176654695
6,Cd,0.025,MC-SCFP3A,0.5013333333,0.004371625683
6,Cd,0.025,VIP205,0.605,0.01662327685
6,Cd,0.05,MC1061,0.4423333333,0.008412952976
6,Cd,0.05,MC-SCFP3A,0.4576666667,0.03383456484
6,Cd,0.05,VIPdeltaRecA,0.614875,0.01559239455
6,Cd,0.05,VIP205,0.441,0.01059874206
6,Cd,0.1,MC1061,0.4036666667,0.01713022021
6,Cd,0.1,MC-SCFP3A,0.166,0.005033222957
6,Cd,0.1,VIPdeltaRecA,0.544,0.01398723908
6,Cd,0.1,VIP205,0.07166666667,0.001333333333
6,Cd,0.15,MC1061,0.057,0.001732050808
6,Cd,0.15,MC-SCFP3A,0.057,0.002081665999
6,Cd,0.15,VIPdeltaRecA,0.22675,0.02627040024
6,Cd,0.15,VIP205,0.02233333333,0.0003333333333
6,Cd,0.2,MC1061,0.01933333333,0.0003333333333
6,Cd,0.2,MC-SCFP3A,0.03266666667,0.0008819171037
6,Cd,0.2,VIPdeltaRecA,0.0515,0.002251983253
6,Cd,0.2,VIP205,0.02266666667,0.0006666666667
6,Cd,0.25,MC1061,0.02133333333,0.001333333333
6,Cd,0.25,MC-SCFP3A,0.015,0.0005773502692
6,Cd,0.25,VIPdeltaRecA,0.0535,0.002945941518
6,Cd,0.25,VIP205,0.01966666667,0.0003333333333
6,Cd,0.3,VIPdeltaRecA,0.05825,0.001708696245
6,Cd,0.35,VIPdeltaRecA,0.062375,0.001569093232
6,Cd,0.4,VIPdeltaRecA,0.06675,0.002440360044
6,Cd,0.45,MC1061,0.02333333333,0.001763834207
6,Cd,0.45,MC-SCFP3A,0.022,0
6,Cd,0.45,VIPdeltaRecA,0.0660625,0.001038704121
6,Cd,0.45,VIP205,0.01933333333,0.0008819171037
6.333333333,AMP,0,MC1061,0.5143333333,0.006173419726
6.333333333,AMP,0,MC-SCFP3A,0.5266666667,0.007356025497
6.333333333,AMP,0,VIPdeltaRecA,0.6163333333,0.02436071519
6.333333333,AMP,0,VIP205,0.691,0.04768997099
6.333333333,AMP,0.25,MC1061,0.411,0.02084066538
6.333333333,AMP,0.25,MC-SCFP3A,0.4476666667,0.01625149566
6.333333333,AMP,0.25,VIP205,0.535,0.01126942767
6.333333333,AMP,0.5,MC1061,0.2693333333,0.002333333333
6.333333333,AMP,0.5,MC-SCFP3A,0.289,0.004041451884
6.333333333,AMP,0.5,VIP205,0.4036666667,0.02333333333
6.333333333,AMP,1,MC1061,0.1306666667,0.007623064417
6.333333333,AMP,1,MC-SCFP3A,0.1503333333,0.002333333333
6.333333333,AMP,1,VIPdeltaRecA,0.837,0.01061838029
6.333333333,AMP,1,VIP205,0.219,0.02286919325
6.333333333,AMP,1.5,MC1061,0.09866666667,0.003179797338
6.333333333,AMP,1.5,MC-SCFP3A,0.09666666667,0.00202758751
6.333333333,AMP,1.5,VIP205,0.1466666667,0.006437735972
6.333333333,AMP,2,MC1061,0.09033333333,0.003282952601
6.333333333,AMP,2,MC-SCFP3A,0.07033333333,0.005607534614
6.333333333,AMP,2,VIPdeltaRecA,0.83575,0.01235017351
6.333333333,AMP,2,VIP205,0.11,0.006506407099
6.333333333,AMP,2.5,MC1061,0.08466666667,0.0006666666667
6.333333333,AMP,2.5,MC-SCFP3A,0.06933333333,0.002603416559
6.333333333,AMP,2.5,VIP205,0.09866666667,0.002905932629
6.333333333,AMP,3,VIPdeltaRecA,0.830375,0.007606241563
6.333333333,AMP,4,VIPdeltaRecA,0.833875,0.01610727154
6.333333333,AMP,5,MC1061,0.04366666667,0.0006666666667
6.333333333,AMP,5,MC-SCFP3A,0.03366666667,0.001855921454
6.333333333,AMP,5,VIPdeltaRecA,0.830625,0.01591376033
6.333333333,AMP,5,VIP205,0.071,0.002081665999
6.333333333,Cd,0,MC1061,0.54,0.003511884584
6.333333333,Cd,0,MC-SCFP3A,0.548,0.01167618659
6.333333333,Cd,0,VIPdeltaRecA,0.6296666667,0.006887992773
6.333333333,Cd,0,VIP205,0.6603333333,0.002185812841
6.333333333,Cd,0.025,MC1061,0.5056666667,0.004255715112
6.333333333,Cd,0.025,MC-SCFP3A,0.502,0.005291502622
6.333333333,Cd,0.025,VIP205,0.624,0.01680277755
6.333333333,Cd,0.05,MC1061,0.4046666667,0.01186498115
6.333333333,Cd,0.05,MC-SCFP3A,0.4353333333,0.04419024528
6.333333333,Cd,0.05,VIPdeltaRecA,0.604125,0.01525665838
6.333333333,Cd,0.05,VIP205,0.4533333333,0.003844187532
6.333333333,Cd,0.1,MC1061,0.4046666667,0.0128105859
6.333333333,Cd,0.1,MC-SCFP3A,0.1896666667,0.01146492235
6.333333333,Cd,0.1,VIPdeltaRecA,0.534,0.0135158637
6.333333333,Cd,0.1,VIP205,0.079,0.002
6.333333333,Cd,0.15,MC1061,0.056,0.0005773502692
6.333333333,Cd,0.15,MC-SCFP3A,0.05533333333,0.002333333333
6.333333333,Cd,0.15,VIPdeltaRecA,0.235875,0.02763954045
6.333333333,Cd,0.15,VIP205,0.02266666667,0.0003333333333
6.333333333,Cd,0.2,MC1061,0.01933333333,0.0003333333333
6.333333333,Cd,0.2,MC-SCFP3A,0.03266666667,0.0008819171037
6.333333333,Cd,0.2,VIPdeltaRecA,0.053125,0.002255449749
6.333333333,Cd,0.2,VIP205,0.02333333333,0.0008819171037
6.333333333,Cd,0.25,MC1061,0.021,0.001
6.333333333,Cd,0.25,MC-SCFP3A,0.01466666667,0.0003333333333
6.333333333,Cd,0.25,VIPdeltaRecA,0.0535,0.003139608711
6.333333333,Cd,0.25,VIP205,0.02,0.0005773502692
6.333333333,Cd,0.3,VIPdeltaRecA,0.05825,0.001698213347
6.333333333,Cd,0.35,VIPdeltaRecA,0.061875,0.001652244145
6.333333333,Cd,0.4,VIPdeltaRecA,0.066625,0.002520894824
6.333333333,Cd,0.45,MC1061,0.02333333333,0.001763834207
6.333333333,Cd,0.45,MC-SCFP3A,0.022,0
6.333333333,Cd,0.45,VIPdeltaRecA,0.065875,0.001128697627
6.333333333,Cd,0.45,VIP205,0.01933333333,0.0008819171037
6.666666667,AMP,0,MC1061,0.5156666667,0.006887992773
6.666666667,AMP,0,MC-SCFP3A,0.5333333333,0.01125956384
6.666666667,AMP,0,VIPdeltaRecA,0.6206666667,0.02085132556
6.666666667,AMP,0,VIP205,0.7113333333,0.0476316888
6.666666667,AMP,0.25,MC1061,0.3873333333,0.03384441526
6.666666667,AMP,0.25,MC-SCFP3A,0.433,0.0223383079
6.666666667,AMP,0.25,VIP205,0.5293333333,0.01020348524
6.666666667,AMP,0.5,MC1061,0.2586666667,0.002603416559
6.666666667,AMP,0.5,MC-SCFP3A,0.2733333333,0.002333333333
6.666666667,AMP,0.5,VIP205,0.3886666667,0.02321158714
6.666666667,AMP,1,MC1061,0.1206666667,0.002333333333
6.666666667,AMP,1,MC-SCFP3A,0.1476666667,0.00202758751
6.666666667,AMP,1,VIPdeltaRecA,1.52075,0.0118559057
6.666666667,AMP,1,VIP205,0.2096666667,0.02236316416
6.666666667,AMP,1.5,MC1061,0.101,0.003055050463
6.666666667,AMP,1.5,MC-SCFP3A,0.079,0.005291502622
6.666666667,AMP,1.5,VIP205,0.141,0.007549834435
6.666666667,AMP,2,MC1061,0.09233333333,0.003282952601
6.666666667,AMP,2,MC-SCFP3A,0.07333333333,0.005607534614
6.666666667,AMP,2,VIPdeltaRecA,1.510625,0.01651075137
6.666666667,AMP,2,VIP205,0.1073333333,0.007218802609
6.666666667,AMP,2.5,MC1061,0.087,0.0005773502692
6.666666667,AMP,2.5,MC-SCFP3A,0.07233333333,0.002333333333
6.666666667,AMP,2.5,VIP205,0.09566666667,0.00375647589
6.666666667,AMP,3,VIPdeltaRecA,1.504625,0.00937880875
6.666666667,AMP,4,VIPdeltaRecA,1.51075,0.02721065311
6.666666667,AMP,5,MC1061,0.043,0.0005773502692
6.666666667,AMP,5,MC-SCFP3A,0.03366666667,0.001855921454
6.666666667,AMP,5,VIPdeltaRecA,1.48475,0.01246674147
6.666666667,AMP,5,VIP205,0.07033333333,0.00202758751
6.666666667,Cd,0,MC1061,0.536,0.006244997998
6.666666667,Cd,0,MC-SCFP3A,0.552,0.01212435565
6.666666667,Cd,0,VIPdeltaRecA,0.6443333333,0.01267981773
6.666666667,Cd,0,VIP205,0.6843333333,0.003666666667
6.666666667,Cd,0.025,MC1061,0.507,0.003511884584
6.666666667,Cd,0.025,MC-SCFP3A,0.5013333333,0.005364492313
6.666666667,Cd,0.025,VIP205,0.638,0.01594783162
6.666666667,Cd,0.05,MC1061,0.3756666667,0.01888856209
6.666666667,Cd,0.05,MC-SCFP3A,0.424,0.04272001873
6.666666667,Cd,0.05,VIPdeltaRecA,1.23425,0.01735629775
6.666666667,Cd,0.05,VIP205,0.4543333333,0.003282952601
6.666666667,Cd,0.1,MC1061,0.404,0.0174737899
6.666666667,Cd,0.1,MC-SCFP3A,0.218,0.009539392014
6.666666667,Cd,0.1,VIPdeltaRecA,1.122375,0.02130470899
6.666666667,Cd,0.1,VIP205,0.08666666667,0.002848001248
6.666666667,Cd,0.15,MC1061,0.05433333333,0.0003333333333
6.666666667,Cd,0.15,MC-SCFP3A,0.05333333333,0.002333333333
6.666666667,Cd,0.15,VIPdeltaRecA,0.765875,0.02645375851
6.666666667,Cd,0.15,VIP205,0.023,0.0005773502692
6.666666667,Cd,0.2,MC1061,0.01866666667,0.0003333333333
6.666666667,Cd,0.2,MC-SCFP3A,0.03266666667,0.0008819171037
6.666666667,Cd,0.2,VIPdeltaRecA,0.546875,0.01648964773
6.666666667,Cd,0.2,VIP205,0.02333333333,0.0008819171037
6.666666667,Cd,0.25,MC1061,0.021,0.001
6.666666667,Cd,0.25,MC-SCFP3A,0.01466666667,0.0003333333333
6.666666667,Cd,0.25,VIPdeltaRecA,0.532875,0.01709264409
6.666666667,Cd,0.25,VIP205,0.02,0.0005773502692
6.666666667,Cd,0.3,VIPdeltaRecA,0.529125,0.01450669488
6.666666667,Cd,0.35,VIPdeltaRecA,0.5285,0.01570031847
6.666666667,Cd,0.4,VIPdeltaRecA,0.54975,0.01603984993
6.666666667,Cd,0.45,MC1061,0.02333333333,0.001763834207
6.666666667,Cd,0.45,MC-SCFP3A,0.02166666667,0.0003333333333
6.666666667,Cd,0.45,VIPdeltaRecA,0.553625,0.008818009507
6.666666667,Cd,0.45,VIP205,0.01933333333,0.0008819171037
7,AMP,0,MC1061,0.5123333333,0.006064468466
7,AMP,0,MC-SCFP3A,0.5366666667,0.0138724347
7,AMP,0,VIPdeltaRecA,0.645,0.02557994006
7,AMP,0,VIP205,0.7236666667,0.04649133731
7,AMP,0.25,MC1061,0.3706666667,0.04516758917
7,AMP,0.25,MC-SCFP3A,0.421,0.02594224354
7,AMP,0.25,VIP205,0.5236666667,0.008373237791
7,AMP,0.5,MC1061,0.2493333333,0.002185812841
7,AMP,0.5,MC-SCFP3A,0.2633333333,0.002728450924
7,AMP,0.5,VIP205,0.378,0.02351595203
7,AMP,1,MC1061,0.1203333333,0.001763834207
7,AMP,1,MC-SCFP3A,0.1426666667,0.001666666667
7,AMP,1,VIPdeltaRecA,0.856375,0.01039219745
7,AMP,1,VIP205,0.2046666667,0.02162046356
7,AMP,1.5,MC1061,0.1033333333,0.003333333333
7,AMP,1.5,MC-SCFP3A,0.084,0.006350852961
7,AMP,1.5,VIP205,0.1366666667,0.008089774066
7,AMP,2,MC1061,0.09433333333,0.003282952601
7,AMP,2,MC-SCFP3A,0.076,0.005291502622
7,AMP,2,VIPdeltaRecA,0.85,0.01288825601
7,AMP,2,VIP205,0.1096666667,0.008819171037
7,AMP,2.5,MC1061,0.088,0.001
7,AMP,2.5,MC-SCFP3A,0.07433333333,0.002333333333
7,AMP,2.5,VIP205,0.09466666667,0.002905932629
7,AMP,3,VIPdeltaRecA,0.843625,0.008211354291
7,AMP,4,VIPdeltaRecA,0.841875,0.01664378638
7,AMP,5,MC1061,0.04233333333,0.0003333333333
7,AMP,5,MC-SCFP3A,0.03333333333,0.001763834207
7,AMP,5,VIPdeltaRecA,0.922,0.04114564723
7,AMP,5,VIP205,0.07066666667,0.00202758751
7,Cd,0,MC1061,0.536,0.004725815626
7,Cd,0,MC-SCFP3A,0.5603333333,0.01058825345
7,Cd,0,VIPdeltaRecA,0.6713333333,0.006936217349
7,Cd,0,VIP205,0.7076666667,0.002962731472
7,Cd,0.025,MC1061,0.5043333333,0.003666666667
7,Cd,0.025,MC-SCFP3A,0.498,0.007023769169
7,Cd,0.025,VIP205,0.6446666667,0.01474599757
7,Cd,0.05,MC1061,0.3696666667,0.02331189491
7,Cd,0.05,MC-SCFP3A,0.4146666667,0.03277363439
7,Cd,0.05,VIPdeltaRecA,0.59625,0.01454027657
7,Cd,0.05,VIP205,0.4533333333,0.003666666667
7,Cd,0.1,MC1061,0.4076666667,0.01516941367
7,Cd,0.1,MC-SCFP3A,0.234,0.01350308607
7,Cd,0.1,VIPdeltaRecA,0.5265,0.0132584205
7,Cd,0.1,VIP205,0.095,0.003511884584
7,Cd,0.15,MC1061,0.05266666667,0.001201850425
7,Cd,0.15,MC-SCFP3A,0.051,0.002309401077
7,Cd,0.15,VIPdeltaRecA,0.256875,0.03275092011
7,Cd,0.15,VIP205,0.02333333333,0.0006666666667
7,Cd,0.2,MC1061,0.01833333333,0.0003333333333
7,Cd,0.2,MC-SCFP3A,0.03333333333,0.0006666666667
7,Cd,0.2,VIPdeltaRecA,0.0555,0.00341739249
7,Cd,0.2,VIP205,0.02433333333,0.001201850425
7,Cd,0.25,MC1061,0.021,0.001
7,Cd,0.25,MC-SCFP3A,0.01466666667,0.0003333333333
7,Cd,0.25,VIPdeltaRecA,0.05125,0.002657536453
7,Cd,0.25,VIP205,0.02066666667,0.0003333333333
7,Cd,0.3,VIPdeltaRecA,0.056125,0.001586072193
7,Cd,0.35,VIPdeltaRecA,0.05925,0.001448521414
7,Cd,0.4,VIPdeltaRecA,0.064625,0.00224354232
7,Cd,0.45,MC1061,0.023,0.001527525232
7,Cd,0.45,MC-SCFP3A,0.02166666667,0.0003333333333
7,Cd,0.45,VIPdeltaRecA,0.063625,0.0009826622004
7,Cd,0.45,VIP205,0.01966666667,0.0006666666667
7.333333333,AMP,0,MC1061,0.5136666667,0.006227180564
7.333333333,AMP,0,MC-SCFP3A,0.5423333333,0.01655630125
7.333333333,AMP,0,VIPdeltaRecA,0.6623333333,0.03047585565
7.333333333,AMP,0,VIP205,0.737,0.04605793453
7.333333333,AMP,0.25,MC1061,0.3606666667,0.04761769046
7.333333333,AMP,0.25,MC-SCFP3A,0.4136666667,0.0291680952
7.333333333,AMP,0.25,VIP205,0.5253333333,0.009905105305
7.333333333,AMP,0.5,MC1061,0.2436666667,0.001855921454
7.333333333,AMP,0.5,MC-SCFP3A,0.258,0.003214550254
7.333333333,AMP,0.5,VIP205,0.3723333333,0.02341177292
7.333333333,AMP,1,MC1061,0.1213333333,0.001666666667
7.333333333,AMP,1,MC-SCFP3A,0.1286666667,0.002905932629
7.333333333,AMP,1,VIPdeltaRecA,0.827,0.009812528435
7.333333333,AMP,1,VIP205,0.201,0.02081665999
7.333333333,AMP,1.5,MC1061,0.1046666667,0.003711842909
7.333333333,AMP,1.5,MC-SCFP3A,0.087,0.006350852961
7.333333333,AMP,1.5,VIP205,0.1356666667,0.009938701011
7.333333333,AMP,2,MC1061,0.096,0.003605551275
7.333333333,AMP,2,MC-SCFP3A,0.07766666667,0.005547772326
7.333333333,AMP,2,VIPdeltaRecA,0.824875,0.01310730099
7.333333333,AMP,2,VIP205,0.1083333333,0.009386751894
7.333333333,AMP,2.5,MC1061,0.08966666667,0.001201850425
7.333333333,AMP,2.5,MC-SCFP3A,0.076,0.002645751311
7.333333333,AMP,2.5,VIP205,0.092,0.004725815626
7.333333333,AMP,3,VIPdeltaRecA,0.821,0.008319512348
7.333333333,AMP,4,VIPdeltaRecA,0.809,0.02065533483
7.333333333,AMP,5,MC1061,0.042,0.0005773502692
7.333333333,AMP,5,MC-SCFP3A,0.03366666667,0.001855921454
7.333333333,AMP,5,VIPdeltaRecA,0.895375,0.04430049077
7.333333333,AMP,5,VIP205,0.07066666667,0.001452966315
7.333333333,Cd,0,MC1061,0.539,0.005291502622
7.333333333,Cd,0,MC-SCFP3A,0.5713333333,0.01225198397
7.333333333,Cd,0,VIPdeltaRecA,0.6966666667,0.004333333333
7.333333333,Cd,0,VIP205,0.734,0.003
7.333333333,Cd,0.025,MC1061,0.5016666667,0.003844187532
7.333333333,Cd,0.025,MC-SCFP3A,0.4946666667,0.006887992773
7.333333333,Cd,0.025,VIP205,0.648,0.0130128142
7.333333333,Cd,0.05,MC1061,0.3686666667,0.02430592063
7.333333333,Cd,0.05,MC-SCFP3A,0.397,0.02253885534
7.333333333,Cd,0.05,VIPdeltaRecA,0.565125,0.01369884966
7.333333333,Cd,0.05,VIP205,0.4523333333,0.004176654695
7.333333333,Cd,0.1,MC1061,0.4066666667,0.01462114147
7.333333333,Cd,0.1,MC-SCFP3A,0.2516666667,0.01485859273
7.333333333,Cd,0.1,VIPdeltaRecA,0.50175,0.01318108764
7.333333333,Cd,0.1,VIP205,0.104,0.004509249753
7.333333333,Cd,0.15,MC1061,0.051,0.001527525232
7.333333333,Cd,0.15,MC-SCFP3A,0.04966666667,0.002333333333
7.333333333,Cd,0.15,VIPdeltaRecA,0.25875,0.03341019412
7.333333333,Cd,0.15,VIP205,0.023,0.001
7.333333333,Cd,0.2,MC1061,0.01833333333,0.0003333333333
7.333333333,Cd,0.2,MC-SCFP3A,0.03333333333,0.0006666666667
7.333333333,Cd,0.2,VIPdeltaRecA,0.056375,0.004246584762
7.333333333,Cd,0.2,VIP205,0.024,0.001527525232
7.333333333,Cd,0.25,MC1061,0.021,0.001
7.333333333,Cd,0.25,MC-SCFP3A,0.01466666667,0.0003333333333
7.333333333,Cd,0.25,VIPdeltaRecA,0.04975,0.002418308145
7.333333333,Cd,0.25,VIP205,0.021,0
7.333333333,Cd,0.3,VIPdeltaRecA,0.05425,0.001644796991
7.333333333,Cd,0.35,VIPdeltaRecA,0.057375,0.001400733226
7.333333333,Cd,0.4,VIPdeltaRecA,0.063,0.002291287847
7.333333333,Cd,0.45,MC1061,0.023,0.001527525232
7.333333333,Cd,0.45,MC-SCFP3A,0.02133333333,0.0003333333333
7.333333333,Cd,0.45,VIPdeltaRecA,0.0620625,0.0009766812428
7.333333333,Cd,0.45,VIP205,0.01933333333,0.0008819171037
7.666666667,AMP,0,MC1061,0.5133333333,0.006984108947
7.666666667,AMP,0,MC-SCFP3A,0.5456666667,0.02061013774
7.666666667,AMP,0,VIPdeltaRecA,0.6806666667,0.03212648613
7.666666667,AMP,0,VIP205,0.747,0.04563259069
7.666666667,AMP,0.25,MC1061,0.3516666667,0.04750555523
7.666666667,AMP,0.25,MC-SCFP3A,0.4016666667,0.03546046312
7.666666667,AMP,0.25,VIP205,0.525,0.009539392014
7.666666667,AMP,0.5,MC1061,0.2376666667,0.003929942041
7.666666667,AMP,0.5,MC-SCFP3A,0.2546666667,0.002603416559
7.666666667,AMP,0.5,VIP205,0.3663333333,0.02382109243
7.666666667,AMP,1,MC1061,0.1236666667,0.00240370085
7.666666667,AMP,1,MC-SCFP3A,0.114,0.004509249753
7.666666667,AMP,1,VIPdeltaRecA,0.822,0.01107764802
7.666666667,AMP,1,VIP205,0.2013333333,0.01865773596
7.666666667,AMP,1.5,MC1061,0.1053333333,0.003929942041
7.666666667,AMP,1.5,MC-SCFP3A,0.09,0.00608276253
7.666666667,AMP,1.5,VIP205,0.1366666667,0.008647414514
7.666666667,AMP,2,MC1061,0.09666666667,0.003382963855
7.666666667,AMP,2,MC-SCFP3A,0.079,0.005291502622
7.666666667,AMP,2,VIPdeltaRecA,0.821,0.01461652685
7.666666667,AMP,2,VIP205,0.104,0.006658328118
7.666666667,AMP,2.5,MC1061,0.091,0.002081665999
7.666666667,AMP,2.5,MC-SCFP3A,0.07766666667,0.00240370085
7.666666667,AMP,2.5,VIP205,0.09133333333,0.004807401701
7.666666667,AMP,3,VIPdeltaRecA,0.816,0.008398554297
7.666666667,AMP,4,VIPdeltaRecA,0.79925,0.021547083
7.666666667,AMP,5,MC1061,0.04133333333,0.0006666666667
7.666666667,AMP,5,MC-SCFP3A,0.03333333333,0.001763834207
7.666666667,AMP,5,VIPdeltaRecA,0.878625,0.0409733962
7.666666667,AMP,5,VIP205,0.07166666667,0.0008819171037
7.666666667,Cd,0,MC1061,0.541,0.005131601439
7.666666667,Cd,0,MC-SCFP3A,0.5803333333,0.01449520994
7.666666667,Cd,0,VIPdeltaRecA,0.7186666667,0.005547772326
7.666666667,Cd,0,VIP205,0.7533333333,0.007446102635
7.666666667,Cd,0.025,MC1061,0.4996666667,0.002962731472
7.666666667,Cd,0.025,MC-SCFP3A,0.492,0.006658328118
7.666666667,Cd,0.025,VIP205,0.6536666667,0.01474599757
7.666666667,Cd,0.05,MC1061,0.3753333333,0.01444914453
7.666666667,Cd,0.05,MC-SCFP3A,0.354,0.0262741952
7.666666667,Cd,0.05,VIPdeltaRecA,0.563,0.01427535339
7.666666667,Cd,0.05,VIP205,0.4523333333,0.003711842909
7.666666667,Cd,0.1,MC1061,0.4083333333,0.01484737163
7.666666667,Cd,0.1,MC-SCFP3A,0.2706666667,0.01437976974
7.666666667,Cd,0.1,VIPdeltaRecA,0.4995,0.0127237124
7.666666667,Cd,0.1,VIP205,0.1146666667,0.005364492313
7.666666667,Cd,0.15,MC1061,0.049,0.002081665999
7.666666667,Cd,0.15,MC-SCFP3A,0.048,0.002081665999
7.666666667,Cd,0.15,VIPdeltaRecA,0.2675,0.03504283094
7.666666667,Cd,0.15,VIP205,0.02366666667,0.001333333333
7.666666667,Cd,0.2,MC1061,0.01833333333,0.0003333333333
7.666666667,Cd,0.2,MC-SCFP3A,0.03333333333,0.0006666666667
7.666666667,Cd,0.2,VIPdeltaRecA,0.05975,0.005885059776
7.666666667,Cd,0.2,VIP205,0.02466666667,0.001855921454
7.666666667,Cd,0.25,MC1061,0.021,0.001
7.666666667,Cd,0.25,MC-SCFP3A,0.01466666667,0.0003333333333
7.666666667,Cd,0.25,VIPdeltaRecA,0.049875,0.002408596954
7.666666667,Cd,0.25,VIP205,0.02066666667,0.0003333333333
7.666666667,Cd,0.3,VIPdeltaRecA,0.054375,0.001657639242
7.666666667,Cd,0.35,VIPdeltaRecA,0.05775,0.001292146608
7.666666667,Cd,0.4,VIPdeltaRecA,0.06275,0.002381101186
7.666666667,Cd,0.45,MC1061,0.023,0.001527525232
7.666666667,Cd,0.45,MC-SCFP3A,0.02133333333,0.0003333333333
7.666666667,Cd,0.45,VIPdeltaRecA,0.0619375,0.0009935993072
7.666666667,Cd,0.45,VIP205,0.01966666667,0.0006666666667
8,AMP,0,MC1061,0.5126666667,0.008987645842
8,AMP,0,MC-SCFP3A,0.5456666667,0.02382109243
8,AMP,0,VIPdeltaRecA,0.6923333333,0.03748925772
8,AMP,0,VIP205,0.756,0.04382160806
8,AMP,0.25,MC1061,0.3466666667,0.04897731901
8,AMP,0.25,MC-SCFP3A,0.3846666667,0.04821594941
8,AMP,0.25,VIP205,0.5246666667,0.006359594676
8,AMP,0.5,MC1061,0.2336666667,0.007838650678
8,AMP,0.5,MC-SCFP3A,0.2536666667,0.001855921454
8,AMP,0.5,VIP205,0.3643333333,0.02463285972
8,AMP,1,MC1061,0.1246666667,0.002603416559
8,AMP,1,MC-SCFP3A,0.116,0.004509249753
8,AMP,1,VIPdeltaRecA,0.810125,0.01159038626
8,AMP,1,VIP205,0.1996666667,0.01844210159
8,AMP,1.5,MC1061,0.1063333333,0.003929942041
8,AMP,1.5,MC-SCFP3A,0.09266666667,0.006064468466
8,AMP,1.5,VIP205,0.139,0.01153256259
8,AMP,2,MC1061,0.098,0.003511884584
8,AMP,2,MC-SCFP3A,0.08,0.005507570547
8,AMP,2,VIPdeltaRecA,0.808,0.01454181164
8,AMP,2,VIP205,0.105,0.007549834435
8,AMP,2.5,MC1061,0.09166666667,0.002333333333
8,AMP,2.5,MC-SCFP3A,0.07866666667,0.00240370085
8,AMP,2.5,VIP205,0.09133333333,0.004807401701
8,AMP,3,VIPdeltaRecA,0.801125,0.006841150436
8,AMP,4,VIPdeltaRecA,0.7865,0.02117781858
8,AMP,5,MC1061,0.041,0.0005773502692
8,AMP,5,MC-SCFP3A,0.03333333333,0.001763834207
8,AMP,5,VIPdeltaRecA,0.848125,0.03138723438
8,AMP,5,VIP205,0.07,0.001732050808
8,Cd,0,MC1061,0.542,0.005131601439
8,Cd,0,MC-SCFP3A,0.5876666667,0.01690496311
8,Cd,0,VIPdeltaRecA,0.7376666667,0.004807401701
8,Cd,0,VIP205,0.7706666667,0.008875684637
8,Cd,0.025,MC1061,0.4973333333,0.002728450924
8,Cd,0.025,MC-SCFP3A,0.4906666667,0.007356025497
8,Cd,0.025,VIP205,0.661,0.01514375559
8,Cd,0.05,MC1061,0.374,0.01389244399
8,Cd,0.05,MC-SCFP3A,0.3123333333,0.02368074699
8,Cd,0.05,VIPdeltaRecA,0.559,0.01495469348
8,Cd,0.05,VIP205,0.4513333333,0.003666666667
8,Cd,0.1,MC1061,0.406,0.01509966887
8,Cd,0.1,MC-SCFP3A,0.2793333333,0.01576212056
8,Cd,0.1,VIPdeltaRecA,0.495625,0.01125505839
8,Cd,0.1,VIP205,0.127,0.006557438524
8,Cd,0.15,MC1061,0.04766666667,0.002333333333
8,Cd,0.15,MC-SCFP3A,0.04633333333,0.001855921454
8,Cd,0.15,VIPdeltaRecA,0.274875,0.03621140186
8,Cd,0.15,VIP205,0.024,0.001527525232
8,Cd,0.2,MC1061,0.01833333333,0.0003333333333
8,Cd,0.2,MC-SCFP3A,0.03366666667,0.0003333333333
8,Cd,0.2,VIPdeltaRecA,0.06275,0.007401134083
8,Cd,0.2,VIP205,0.02433333333,0.001666666667
8,Cd,0.25,MC1061,0.021,0.001
8,Cd,0.25,MC-SCFP3A,0.01466666667,0.0003333333333
8,Cd,0.25,VIPdeltaRecA,0.049875,0.002263353233
8,Cd,0.25,VIP205,0.021,0.0005773502692
8,Cd,0.3,VIPdeltaRecA,0.0545,0.001679710859
8,Cd,0.35,VIPdeltaRecA,0.057125,0.001315260702
8,Cd,0.4,VIPdeltaRecA,0.062375,0.002449034066
8,Cd,0.45,MC1061,0.02266666667,0.001452966315
8,Cd,0.45,MC-SCFP3A,0.02133333333,0.0003333333333
8,Cd,0.45,VIPdeltaRecA,0.0615625,0.001032669478
8,Cd,0.45,VIP205,0.01966666667,0.0006666666667
8.333333333,AMP,0,MC1061,0.51,0.01044030651
8.333333333,AMP,0,MC-SCFP3A,0.546,0.02811286775
8.333333333,AMP,0,VIPdeltaRecA,0.7036666667,0.0410054197
8.333333333,AMP,0,VIP205,0.7586666667,0.04321008113
8.333333333,AMP,0.25,MC1061,0.3426666667,0.05002110666
8.333333333,AMP,0.25,MC-SCFP3A,0.3746666667,0.0576840051
8.333333333,AMP,0.25,VIP205,0.523,0.006506407099
8.333333333,AMP,0.5,MC1061,0.2263333333,0.01168094365
8.333333333,AMP,0.5,MC-SCFP3A,0.2543333333,0.001666666667
8.333333333,AMP,0.5,VIP205,0.3616666667,0.02504884118
8.333333333,AMP,1,MC1061,0.126,0.002309401077
8.333333333,AMP,1,MC-SCFP3A,0.1203333333,0.003844187532
8.333333333,AMP,1,VIPdeltaRecA,0.80325,0.01160780218
8.333333333,AMP,1,VIP205,0.1986666667,0.01844210159
8.333333333,AMP,1.5,MC1061,0.107,0.004163331999
8.333333333,AMP,1.5,MC-SCFP3A,0.09366666667,0.006064468466
8.333333333,AMP,1.5,VIP205,0.138,0.01106044002
8.333333333,AMP,2,MC1061,0.098,0.003511884584
8.333333333,AMP,2,MC-SCFP3A,0.081,0.005507570547
8.333333333,AMP,2,VIPdeltaRecA,0.801875,0.01355338321
8.333333333,AMP,2,VIP205,0.1046666667,0.007881060278
8.333333333,AMP,2.5,MC1061,0.09233333333,0.002603416559
8.333333333,AMP,2.5,MC-SCFP3A,0.079,0.002516611478
8.333333333,AMP,2.5,VIP205,0.09066666667,0.005456901848
8.333333333,AMP,3,VIPdeltaRecA,0.793625,0.006494331319
8.333333333,AMP,4,VIPdeltaRecA,0.7815,0.01980980998
8.333333333,AMP,5,MC1061,0.041,0.0005773502692
8.333333333,AMP,5,MC-SCFP3A,0.03266666667,0.001855921454
8.333333333,AMP,5,VIPdeltaRecA,0.831375,0.02679081499
8.333333333,AMP,5,VIP205,0.07,0.001154700538
8.333333333,Cd,0,MC1061,0.541,0.004582575695
8.333333333,Cd,0,MC-SCFP3A,0.5946666667,0.02011908988
8.333333333,Cd,0,VIPdeltaRecA,0.752,0.003214550254
8.333333333,Cd,0,VIP205,0.7866666667,0.0108371788
8.333333333,Cd,0.025,MC1061,0.4986666667,0.004910306621
8.333333333,Cd,0.025,MC-SCFP3A,0.493,0.007505553499
8.333333333,Cd,0.025,VIP205,0.6653333333,0.01587800715
8.333333333,Cd,0.05,MC1061,0.3656666667,0.0101707642
8.333333333,Cd,0.05,MC-SCFP3A,0.3233333333,0.01234683945
8.333333333,Cd,0.05,VIPdeltaRecA,0.552875,0.0150040917
8.333333333,Cd,0.05,VIP205,0.4506666667,0.003929942041
8.333333333,Cd,0.1,MC1061,0.4063333333,0.01494805822
8.333333333,Cd,0.1,MC-SCFP3A,0.2773333333,0.0185502321
8.333333333,Cd,0.1,VIPdeltaRecA,0.49475,0.008729567981
8.333333333,Cd,0.1,VIP205,0.1403333333,0.00829323687
8.333333333,Cd,0.15,MC1061,0.04633333333,0.00240370085
8.333333333,Cd,0.15,MC-SCFP3A,0.045,0.002
8.333333333,Cd,0.15,VIPdeltaRecA,0.28125,0.03747368124
8.333333333,Cd,0.15,VIP205,0.02433333333,0.001763834207
8.333333333,Cd,0.2,MC1061,0.018,0
8.333333333,Cd,0.2,MC-SCFP3A,0.03333333333,0.0003333333333
8.333333333,Cd,0.2,VIPdeltaRecA,0.066375,0.009509276486
8.333333333,Cd,0.2,VIP205,0.02433333333,0.001763834207
8.333333333,Cd,0.25,MC1061,0.02,0.001
8.333333333,Cd,0.25,MC-SCFP3A,0.01466666667,0.0003333333333
8.333333333,Cd,0.25,VIPdeltaRecA,0.04975,0.002297125533
8.333333333,Cd,0.25,VIP205,0.021,0.0005773502692
8.333333333,Cd,0.3,VIPdeltaRecA,0.05425,0.001578312842
8.333333333,Cd,0.35,VIPdeltaRecA,0.05675,0.001292146608
8.333333333,Cd,0.4,VIPdeltaRecA,0.062125,0.002438072277
8.333333333,Cd,0.45,MC1061,0.02233333333,0.001763834207
8.333333333,Cd,0.45,MC-SCFP3A,0.02133333333,0.0003333333333
8.333333333,Cd,0.45,VIPdeltaRecA,0.0609375,0.001066414358
8.333333333,Cd,0.45,VIP205,0.01966666667,0.0006666666667
8.666666667,AMP,0,MC1061,0.5086666667,0.01260070545
8.666666667,AMP,0,MC-SCFP3A,0.5446666667,0.03071554076
8.666666667,AMP,0,VIPdeltaRecA,0.712,0.04418521623
8.666666667,AMP,0,VIP205,0.763,0.04190465368
8.666666667,AMP,0.25,MC1061,0.3403333333,0.05123258512
8.666666667,AMP,0.25,MC-SCFP3A,0.369,0.06331929669
8.666666667,AMP,0.25,VIP205,0.5243333333,0.005666666667
8.666666667,AMP,0.5,MC1061,0.2166666667,0.01299145018
8.666666667,AMP,0.5,MC-SCFP3A,0.2553333333,0.001666666667
8.666666667,AMP,0.5,VIP205,0.3586666667,0.02412697891
8.666666667,AMP,1,MC1061,0.127,0.002309401077
8.666666667,AMP,1,MC-SCFP3A,0.1243333333,0.003333333333
8.666666667,AMP,1,VIPdeltaRecA,0.803,0.01135309901
8.666666667,AMP,1,VIP205,0.199,0.01814754345
8.666666667,AMP,1.5,MC1061,0.1073333333,0.004096068576
8.666666667,AMP,1.5,MC-SCFP3A,0.09433333333,0.006359594676
8.666666667,AMP,1.5,VIP205,0.1356666667,0.01072898463
8.666666667,AMP,2,MC1061,0.099,0.003511884584
8.666666667,AMP,2,MC-SCFP3A,0.081,0.005507570547
8.666666667,AMP,2,VIPdeltaRecA,0.79725,0.01244093187
8.666666667,AMP,2,VIP205,0.1023333333,0.007218802609
8.666666667,AMP,2.5,MC1061,0.093,0.002886751346
8.666666667,AMP,2.5,MC-SCFP3A,0.08,0.002516611478
8.666666667,AMP,2.5,VIP205,0.091,0.005131601439
8.666666667,AMP,3,VIPdeltaRecA,0.788875,0.006033944161
8.666666667,AMP,4,VIPdeltaRecA,0.779625,0.01828537423
8.666666667,AMP,5,MC1061,0.04033333333,0.0006666666667
8.666666667,AMP,5,MC-SCFP3A,0.03266666667,0.001855921454
8.666666667,AMP,5,VIPdeltaRecA,0.81875,0.02291969677
8.666666667,AMP,5,VIP205,0.06966666667,0.001201850425
8.666666667,Cd,0,MC1061,0.541,0.004509249753
8.666666667,Cd,0,MC-SCFP3A,0.599,0.02214347157
8.666666667,Cd,0,VIPdeltaRecA,0.7636666667,0.00202758751
8.666666667,Cd,0,VIP205,0.7996666667,0.01139200499
8.666666667,Cd,0.025,MC1061,0.502,0.003511884584
8.666666667,Cd,0.025,MC-SCFP3A,0.4943333333,0.005696002497
8.666666667,Cd,0.025,VIP205,0.669,0.01619670748
8.666666667,Cd,0.05,MC1061,0.3606666667,0.008373237791
8.666666667,Cd,0.05,MC-SCFP3A,0.3263333333,0.007446102635
8.666666667,Cd,0.05,VIPdeltaRecA,0.547625,0.01457240237
8.666666667,Cd,0.05,VIP205,0.4513333333,0.003711842909
8.666666667,Cd,0.1,MC1061,0.4053333333,0.01647557114
8.666666667,Cd,0.1,MC-SCFP3A,0.2806666667,0.01920358763
8.666666667,Cd,0.1,VIPdeltaRecA,0.490375,0.007787209064
8.666666667,Cd,0.1,VIP205,0.1563333333,0.0103655412
8.666666667,Cd,0.15,MC1061,0.045,0.002645751311
8.666666667,Cd,0.15,MC-SCFP3A,0.044,0.002
8.666666667,Cd,0.15,VIPdeltaRecA,0.29025,0.03907901794
8.666666667,Cd,0.15,VIP205,0.02433333333,0.001763834207
8.666666667,Cd,0.2,MC1061,0.018,0
8.666666667,Cd,0.2,MC-SCFP3A,0.03366666667,0.0006666666667
8.666666667,Cd,0.2,VIPdeltaRecA,0.070875,0.01202443569
8.666666667,Cd,0.2,VIP205,0.024,0.002081665999
8.666666667,Cd,0.25,MC1061,0.02,0.001
8.666666667,Cd,0.25,MC-SCFP3A,0.01466666667,0.0003333333333
8.666666667,Cd,0.25,VIPdeltaRecA,0.04975,0.002297125533
8.666666667,Cd,0.25,VIP205,0.021,0.0005773502692
8.666666667,Cd,0.3,VIPdeltaRecA,0.054125,0.001787231498
8.666666667,Cd,0.35,VIPdeltaRecA,0.056375,0.001209154073
8.666666667,Cd,0.4,VIPdeltaRecA,0.062125,0.002594207146
8.666666667,Cd,0.45,MC1061,0.02233333333,0.001763834207
8.666666667,Cd,0.45,MC-SCFP3A,0.02133333333,0.0003333333333
8.666666667,Cd,0.45,VIPdeltaRecA,0.060625,0.001102553854
8.666666667,Cd,0.45,VIP205,0.01966666667,0.0006666666667
9,AMP,0,MC1061,0.5063333333,0.01442605667
9,AMP,0,MC-SCFP3A,0.541,0.03189566324
9,AMP,0,VIPdeltaRecA,0.718,0.04775283587
9,AMP,0,VIP205,0.7656666667,0.0407035352
9,AMP,0.25,MC1061,0.3343333333,0.05067982285
9,AMP,0.25,MC-SCFP3A,0.3683333333,0.06696848347
9,AMP,0.25,VIP205,0.5223333333,0.004910306621
9,AMP,0.5,MC1061,0.2063333333,0.007859884082
9,AMP,0.5,MC-SCFP3A,0.258,0.002
9,AMP,0.5,VIP205,0.3563333333,0.02338327988
9,AMP,1,MC1061,0.1273333333,0.002603416559
9,AMP,1,MC-SCFP3A,0.126,0.003
9,AMP,1,VIPdeltaRecA,0.8065,0.0107902072
9,AMP,1,VIP205,0.1973333333,0.01855921454
9,AMP,1.5,MC1061,0.107,0.004358898944
9,AMP,1.5,MC-SCFP3A,0.095,0.00608276253
9,AMP,1.5,VIP205,0.1323333333,0.01020348524
9,AMP,2,MC1061,0.1,0.002516611478
9,AMP,2,MC-SCFP3A,0.08166666667,0.005783117191
9,AMP,2,VIPdeltaRecA,0.799625,0.01213162558
9,AMP,2,VIP205,0.1026666667,0.007838650678
9,AMP,2.5,MC1061,0.09333333333,0.003179797338
9,AMP,2.5,MC-SCFP3A,0.08033333333,0.002185812841
9,AMP,2.5,VIP205,0.08966666667,0.006009252126
9,AMP,3,VIPdeltaRecA,0.78925,0.007190643722
9,AMP,4,VIPdeltaRecA,0.7835,0.01827078073
9,AMP,5,MC1061,0.04033333333,0.0006666666667
9,AMP,5,MC-SCFP3A,0.03266666667,0.001855921454
9,AMP,5,VIPdeltaRecA,0.81275,0.02153298964
9,AMP,5,VIP205,0.07066666667,0.001452966315
9,Cd,0,MC1061,0.5396666667,0.003844187532
9,Cd,0,MC-SCFP3A,0.603,0.02500666578
9,Cd,0,VIPdeltaRecA,0.776,0.001154700538
9,Cd,0,VIP205,0.8086666667,0.01309367956
9,Cd,0.025,MC1061,0.5046666667,0.002333333333
9,Cd,0.025,MC-SCFP3A,0.4933333333,0.004409585518
9,Cd,0.025,VIP205,0.672,0.01652271164
9,Cd,0.05,MC1061,0.358,0.007937253933
9,Cd,0.05,MC-SCFP3A,0.3293333333,0.004096068576
9,Cd,0.05,VIPdeltaRecA,0.545125,0.0137417995
9,Cd,0.05,VIP205,0.454,0.004041451884
9,Cd,0.1,MC1061,0.4046666667,0.01682590595
9,Cd,0.1,MC-SCFP3A,0.2816666667,0.0168951012
9,Cd,0.1,VIPdeltaRecA,0.487,0.008455767263
9,Cd,0.1,VIP205,0.1733333333,0.01146492235
9,Cd,0.15,MC1061,0.044,0.002645751311
9,Cd,0.15,MC-SCFP3A,0.043,0.002
9,Cd,0.15,VIPdeltaRecA,0.299,0.04096819324
9,Cd,0.15,VIP205,0.02433333333,0.001763834207
9,Cd,0.2,MC1061,0.018,0
9,Cd,0.2,MC-SCFP3A,0.03366666667,0.0006666666667
9,Cd,0.2,VIPdeltaRecA,0.075125,0.01429714944
9,Cd,0.2,VIP205,0.02366666667,0.00202758751
9,Cd,0.25,MC1061,0.02,0.001
9,Cd,0.25,MC-SCFP3A,0.01466666667,0.0003333333333
9,Cd,0.25,VIPdeltaRecA,0.04975,0.002381101186
9,Cd,0.25,VIP205,0.021,0.0005773502692
9,Cd,0.3,VIPdeltaRecA,0.0545,0.001917960226
9,Cd,0.35,VIPdeltaRecA,0.056125,0.001186794903
9,Cd,0.4,VIPdeltaRecA,0.061875,0.002635184325
9,Cd,0.45,MC1061,0.02233333333,0.001763834207
9,Cd,0.45,MC-SCFP3A,0.021,0
9,Cd,0.45,VIPdeltaRecA,0.06025,0.001112429773
9,Cd,0.45,VIP205,0.01966666667,0.0006666666667
9.333333333,AMP,0,MC1061,0.502,0.01474222959
9.333333333,AMP,0,MC-SCFP3A,0.5376666667,0.03321813427
9.333333333,AMP,0,VIPdeltaRecA,0.7266666667,0.05101742622
9.333333333,AMP,0,VIP205,0.768,0.03928103868
9.333333333,AMP,0.25,MC1061,0.325,0.04860384073
9.333333333,AMP,0.25,MC-SCFP3A,0.367,0.0677716755
9.333333333,AMP,0.25,VIP205,0.5223333333,0.003382963855
9.333333333,AMP,0.5,MC1061,0.1963333333,0.001855921454
9.333333333,AMP,0.5,MC-SCFP3A,0.2603333333,0.002333333333
9.333333333,AMP,0.5,VIP205,0.3563333333,0.02359613904
9.333333333,AMP,1,MC1061,0.1273333333,0.002603416559
9.333333333,AMP,1,MC-SCFP3A,0.1266666667,0.002728450924
9.333333333,AMP,1,VIPdeltaRecA,0.811375,0.01086596505
9.333333333,AMP,1,VIP205,0.197,0.01868154169
9.333333333,AMP,1.5,MC1061,0.1073333333,0.004333333333
9.333333333,AMP,1.5,MC-SCFP3A,0.09566666667,0.00638574802
9.333333333,AMP,1.5,VIP205,0.1313333333,0.01020348524
9.333333333,AMP,2,MC1061,0.1003333333,0.002185812841
9.333333333,AMP,2,MC-SCFP3A,0.082,0.005773502692
9.333333333,AMP,2,VIPdeltaRecA,0.804625,0.01255123429
9.333333333,AMP,2,VIP205,0.103,0.008888194417
9.333333333,AMP,2.5,MC1061,0.09333333333,0.003179797338
9.333333333,AMP,2.5,MC-SCFP3A,0.081,0.002516611478
9.333333333,AMP,2.5,VIP205,0.09033333333,0.005783117191
9.333333333,AMP,3,VIPdeltaRecA,0.794625,0.007727357477
9.333333333,AMP,4,VIPdeltaRecA,0.78975,0.0187423794
9.333333333,AMP,5,MC1061,0.04,0.001
9.333333333,AMP,5,MC-SCFP3A,0.03233333333,0.001763834207
9.333333333,AMP,5,VIPdeltaRecA,0.8145,0.02006774242
9.333333333,AMP,5,VIP205,0.07,0.0005773502692
9.333333333,Cd,0,MC1061,0.538,0.004041451884
9.333333333,Cd,0,MC-SCFP3A,0.6046666667,0.02862011724
9.333333333,Cd,0,VIPdeltaRecA,0.7856666667,0.003844187532
9.333333333,Cd,0,VIP205,0.819,0.01345362405
9.333333333,Cd,0.025,MC1061,0.5043333333,0.0006666666667
9.333333333,Cd,0.025,MC-SCFP3A,0.491,0.003214550254
9.333333333,Cd,0.025,VIP205,0.6743333333,0.01534419905
9.333333333,Cd,0.05,MC1061,0.357,0.006658328118
9.333333333,Cd,0.05,MC-SCFP3A,0.3323333333,0.00240370085
9.333333333,Cd,0.05,VIPdeltaRecA,0.5415,0.01402421375
9.333333333,Cd,0.05,VIP205,0.4606666667,0.00504424865
9.333333333,Cd,0.1,MC1061,0.4046666667,0.01669663972
9.333333333,Cd,0.1,MC-SCFP3A,0.283,0.01715614564
9.333333333,Cd,0.1,VIPdeltaRecA,0.483125,0.007094861068
9.333333333,Cd,0.1,VIP205,0.1923333333,0.01278453927
9.333333333,Cd,0.15,MC1061,0.043,0.002645751311
9.333333333,Cd,0.15,MC-SCFP3A,0.04233333333,0.001855921454
9.333333333,Cd,0.15,VIPdeltaRecA,0.309875,0.04300682566
9.333333333,Cd,0.15,VIP205,0.02433333333,0.001763834207
9.333333333,Cd,0.2,MC1061,0.018,0
9.333333333,Cd,0.2,MC-SCFP3A,0.03366666667,0.0006666666667
9.333333333,Cd,0.2,VIPdeltaRecA,0.080375,0.01740785691
9.333333333,Cd,0.2,VIP205,0.02333333333,0.00202758751
9.333333333,Cd,0.25,MC1061,0.02,0.001
9.333333333,Cd,0.25,MC-SCFP3A,0.01466666667,0.0003333333333
9.333333333,Cd,0.25,VIPdeltaRecA,0.05,0.002314550249
9.333333333,Cd,0.25,VIP205,0.02066666667,0.0006666666667
9.333333333,Cd,0.3,VIPdeltaRecA,0.054625,0.002235568799
9.333333333,Cd,0.35,VIPdeltaRecA,0.056125,0.001216515809
9.333333333,Cd,0.4,VIPdeltaRecA,0.061875,0.002715284121
9.333333333,Cd,0.45,MC1061,0.02233333333,0.001763834207
9.333333333,Cd,0.45,MC-SCFP3A,0.021,0
9.333333333,Cd,0.45,VIPdeltaRecA,0.06,0.001158303357
9.333333333,Cd,0.45,VIP205,0.01966666667,0.0006666666667
9.666666667,AMP,0,MC1061,0.4993333333,0.01594086293
9.666666667,AMP,0,MC-SCFP3A,0.536,0.03493326972
9.666666667,AMP,0,VIPdeltaRecA,0.7333333333,0.05182449014
9.666666667,AMP,0,VIP205,0.77,0.03808324216
9.666666667,AMP,0.25,MC1061,0.3086666667,0.0440088375
9.666666667,AMP,0.25,MC-SCFP3A,0.3683333333,0.06639360746
9.666666667,AMP,0.25,VIP205,0.5256666667,0.00240370085
9.666666667,AMP,0.5,MC1061,0.193,0.001527525232
9.666666667,AMP,0.5,MC-SCFP3A,0.2573333333,0.002333333333
9.666666667,AMP,0.5,VIP205,0.3566666667,0.02406472753
9.666666667,AMP,1,MC1061,0.128,0.002309401077
9.666666667,AMP,1,MC-SCFP3A,0.1273333333,0.003382963855
9.666666667,AMP,1,VIPdeltaRecA,0.814375,0.01103879118
9.666666667,AMP,1,VIP205,0.196,0.01913983629
9.666666667,AMP,1.5,MC1061,0.1073333333,0.004333333333
9.666666667,AMP,1.5,MC-SCFP3A,0.09566666667,0.00638574802
9.666666667,AMP,1.5,VIP205,0.133,0.009609023537
9.666666667,AMP,2,MC1061,0.1006666667,0.001855921454
9.666666667,AMP,2,MC-SCFP3A,0.082,0.005773502692
9.666666667,AMP,2,VIPdeltaRecA,0.807625,0.01263913636
9.666666667,AMP,2,VIP205,0.1036666667,0.01052510227
9.666666667,AMP,2.5,MC1061,0.09366666667,0.002905932629
9.666666667,AMP,2.5,MC-SCFP3A,0.08066666667,0.00240370085
9.666666667,AMP,2.5,VIP205,0.09,0.005131601439
9.666666667,AMP,3,VIPdeltaRecA,0.799875,0.007637869701
9.666666667,AMP,4,VIPdeltaRecA,0.79375,0.01903356997
9.666666667,AMP,5,MC1061,0.03966666667,0.001333333333
9.666666667,AMP,5,MC-SCFP3A,0.03233333333,0.001763834207
9.666666667,AMP,5,VIPdeltaRecA,0.81625,0.01794311448
9.666666667,AMP,5,VIP205,0.06966666667,0.0003333333333
9.666666667,Cd,0,MC1061,0.5356666667,0.003382963855
9.666666667,Cd,0,MC-SCFP3A,0.606,0.03100537588
9.666666667,Cd,0,VIPdeltaRecA,0.7956666667,0.00638574802
9.666666667,Cd,0,VIP205,0.8296666667,0.01322035468
9.666666667,Cd,0.025,MC1061,0.5036666667,0.0003333333333
9.666666667,Cd,0.025,MC-SCFP3A,0.488,0.002081665999
9.666666667,Cd,0.025,VIP205,0.6783333333,0.01414606345
9.666666667,Cd,0.05,MC1061,0.354,0.006658328118
9.666666667,Cd,0.05,MC-SCFP3A,0.3296666667,0.003179797338
9.666666667,Cd,0.05,VIPdeltaRecA,0.540375,0.01409905962
9.666666667,Cd,0.05,VIP205,0.4653333333,0.005547772326
9.666666667,Cd,0.1,MC1061,0.4043333333,0.01647557114
9.666666667,Cd,0.1,MC-SCFP3A,0.2846666667,0.0175720738
9.666666667,Cd,0.1,VIPdeltaRecA,0.48075,0.007347861691
9.666666667,Cd,0.1,VIP205,0.2113333333,0.0144029318
9.666666667,Cd,0.15,MC1061,0.042,0.002645751311
9.666666667,Cd,0.15,MC-SCFP3A,0.04166666667,0.001763834207
9.666666667,Cd,0.15,VIPdeltaRecA,0.316875,0.04485549715
9.666666667,Cd,0.15,VIP205,0.02433333333,0.001763834207
9.666666667,Cd,0.2,MC1061,0.01766666667,0.0003333333333
9.666666667,Cd,0.2,MC-SCFP3A,0.03333333333,0.0008819171037
9.666666667,Cd,0.2,VIPdeltaRecA,0.0865,0.02097277146
9.666666667,Cd,0.2,VIP205,0.02333333333,0.00202758751
9.666666667,Cd,0.25,MC1061,0.02,0.001
9.666666667,Cd,0.25,MC-SCFP3A,0.01466666667,0.0003333333333
9.666666667,Cd,0.25,VIPdeltaRecA,0.0505,0.00249284691
9.666666667,Cd,0.25,VIP205,0.02066666667,0.0006666666667
9.666666667,Cd,0.3,VIPdeltaRecA,0.055125,0.002682199923
9.666666667,Cd,0.35,VIPdeltaRecA,0.055875,0.001259783145
9.666666667,Cd,0.4,VIPdeltaRecA,0.061875,0.002875
9.666666667,Cd,0.45,MC1061,0.02233333333,0.001763834207
9.666666667,Cd,0.45,MC-SCFP3A,0.021,0
9.666666667,Cd,0.45,VIPdeltaRecA,0.0599375,0.001382837512
9.666666667,Cd,0.45,VIP205,0.01966666667,0.0006666666667
10,AMP,0,MC1061,0.4953333333,0.01521329828
10,AMP,0,MC-SCFP3A,0.5306666667,0.03378526964
10,AMP,0,VIPdeltaRecA,0.738,0.05363145843
10,AMP,0,VIP205,0.7726666667,0.03808032446
10,AMP,0.25,MC1061,0.2683333333,0.0245515331
10,AMP,0.25,MC-SCFP3A,0.368,0.06464518544
10,AMP,0.25,VIP205,0.5263333333,0.003929942041
10,AMP,0.5,MC1061,0.196,0.001154700538
10,AMP,0.5,MC-SCFP3A,0.251,0.007767453465
10,AMP,0.5,VIP205,0.3536666667,0.0229298447
10,AMP,1,MC1061,0.1276666667,0.002603416559
10,AMP,1,MC-SCFP3A,0.128,0.003055050463
10,AMP,1,VIPdeltaRecA,0.815875,0.01078430987
10,AMP,1,VIP205,0.1953333333,0.01920358763
10,AMP,1.5,MC1061,0.107,0.004041451884
10,AMP,1.5,MC-SCFP3A,0.09566666667,0.00638574802
10,AMP,1.5,VIP205,0.1336666667,0.009404490653
10,AMP,2,MC1061,0.09966666667,0.001855921454
10,AMP,2,MC-SCFP3A,0.082,0.005773502692
10,AMP,2,VIPdeltaRecA,0.809375,0.01275726334
10,AMP,2,VIP205,0.1023333333,0.009134793071
10,AMP,2.5,MC1061,0.093,0.002886751346
10,AMP,2.5,MC-SCFP3A,0.08033333333,0.002185812841
10,AMP,2.5,VIP205,0.091,0.005131601439
10,AMP,3,VIPdeltaRecA,0.803375,0.007697257165
10,AMP,4,VIPdeltaRecA,0.796,0.01904130848
10,AMP,5,MC1061,0.03966666667,0.001333333333
10,AMP,5,MC-SCFP3A,0.03233333333,0.001763834207
10,AMP,5,VIPdeltaRecA,0.816,0.01658635412
10,AMP,5,VIP205,0.07,0.0005773502692
10,Cd,0,MC1061,0.5333333333,0.003844187532
10,Cd,0,MC-SCFP3A,0.6073333333,0.03282444888
10,Cd,0,VIPdeltaRecA,0.7993333333,0.008412952976
10,Cd,0,VIP205,0.8376666667,0.01337078075
10,Cd,0.025,MC1061,0.502,0.001154700538
10,Cd,0.025,MC-SCFP3A,0.4846666667,0.001763834207
10,Cd,0.025,VIP205,0.6806666667,0.01271918935
10,Cd,0.05,MC1061,0.3506666667,0.00638574802
10,Cd,0.05,MC-SCFP3A,0.3266666667,0.003282952601
10,Cd,0.05,VIPdeltaRecA,0.538,0.01453567041
10,Cd,0.05,VIP205,0.469,0.00608276253
10,Cd,0.1,MC1061,0.4043333333,0.01593040419
10,Cd,0.1,MC-SCFP3A,0.2846666667,0.01767609811
10,Cd,0.1,VIPdeltaRecA,0.48125,0.00616948134
10,Cd,0.1,VIP205,0.2313333333,0.01549551907
10,Cd,0.15,MC1061,0.04133333333,0.00240370085
10,Cd,0.15,MC-SCFP3A,0.04066666667,0.001763834207
10,Cd,0.15,VIPdeltaRecA,0.31775,0.04448223963
10,Cd,0.15,VIP205,0.02433333333,0.001763834207
10,Cd,0.2,MC1061,0.017,0
10,Cd,0.2,MC-SCFP3A,0.03333333333,0.0008819171037
10,Cd,0.2,VIPdeltaRecA,0.09275,0.02414964507
10,Cd,0.2,VIP205,0.023,0.001732050808
10,Cd,0.25,MC1061,0.02,0.001
10,Cd,0.25,MC-SCFP3A,0.01466666667,0.0003333333333
10,Cd,0.25,VIPdeltaRecA,0.050875,0.002675533992
10,Cd,0.25,VIP205,0.02066666667,0.0006666666667
10,Cd,0.3,VIPdeltaRecA,0.05525,0.003177768759
10,Cd,0.35,VIPdeltaRecA,0.0555,0.001267731382
10,Cd,0.4,VIPdeltaRecA,0.0615,0.003099539136
10,Cd,0.45,MC1061,0.022,0.001527525232
10,Cd,0.45,MC-SCFP3A,0.021,0
10,Cd,0.45,VIPdeltaRecA,0.060375,0.001823172601
10,Cd,0.45,VIP205,0.01966666667,0.0006666666667
10.33333333,AMP,0,MC1061,0.493,0.01513274595
10.33333333,AMP,0,MC-SCFP3A,0.5283333333,0.03474350459
10.33333333,AMP,0,VIPdeltaRecA,0.747,0.05459242927
10.33333333,AMP,0,VIP205,0.7733333333,0.03829853493
10.33333333,AMP,0.25,MC1061,0.2306666667,0.006839428176
10.33333333,AMP,0.25,MC-SCFP3A,0.3673333333,0.06222093253
10.33333333,AMP,0.25,VIP205,0.526,0.006429100507
10.33333333,AMP,0.5,MC1061,0.199,0.0005773502692
10.33333333,AMP,0.5,MC-SCFP3A,0.2353333333,0.01589898669
10.33333333,AMP,0.5,VIP205,0.3553333333,0.02377907577
10.33333333,AMP,1,MC1061,0.1276666667,0.002603416559
10.33333333,AMP,1,MC-SCFP3A,0.1283333333,0.003527668415
10.33333333,AMP,1,VIPdeltaRecA,0.81675,0.0108162411
10.33333333,AMP,1,VIP205,0.1933333333,0.02030051997
10.33333333,AMP,1.5,MC1061,0.1066666667,0.004333333333
10.33333333,AMP,1.5,MC-SCFP3A,0.09533333333,0.006691619967
10.33333333,AMP,1.5,VIP205,0.132,0.009539392014
10.33333333,AMP,2,MC1061,0.09966666667,0.002333333333
10.33333333,AMP,2,MC-SCFP3A,0.082,0.005773502692
10.33333333,AMP,2,VIPdeltaRecA,0.8115,0.01312984604
10.33333333,AMP,2,VIP205,0.1016666667,0.008647414514
10.33333333,AMP,2.5,MC1061,0.09266666667,0.002603416559
10.33333333,AMP,2.5,MC-SCFP3A,0.08066666667,0.00240370085
10.33333333,AMP,2.5,VIP205,0.09033333333,0.005364492313
10.33333333,AMP,3,VIPdeltaRecA,0.806375,0.007923602851
10.33333333,AMP,4,VIPdeltaRecA,0.79825,0.01898378067
10.33333333,AMP,5,MC1061,0.03966666667,0.001333333333
10.33333333,AMP,5,MC-SCFP3A,0.03233333333,0.001763834207
10.33333333,AMP,5,VIPdeltaRecA,0.815125,0.01523674775
10.33333333,AMP,5,VIP205,0.07066666667,0.0008819171037
10.33333333,Cd,0,MC1061,0.53,0.003785938897
10.33333333,Cd,0,MC-SCFP3A,0.606,0.03590728803
10.33333333,Cd,0,VIPdeltaRecA,0.8073333333,0.01146492235
10.33333333,Cd,0,VIP205,0.8463333333,0.01329578045
10.33333333,Cd,0.025,MC1061,0.4996666667,0.001763834207
10.33333333,Cd,0.025,MC-SCFP3A,0.4813333333,0.001763834207
10.33333333,Cd,0.025,VIP205,0.6846666667,0.01166666667
10.33333333,Cd,0.05,MC1061,0.3463333333,0.006119186584
10.33333333,Cd,0.05,MC-SCFP3A,0.3236666667,0.004807401701
10.33333333,Cd,0.05,VIPdeltaRecA,0.5345,0.01475877463
10.33333333,Cd,0.05,VIP205,0.4726666667,0.006641619615
10.33333333,Cd,0.1,MC1061,0.4033333333,0.01583596469
10.33333333,Cd,0.1,MC-SCFP3A,0.2856666667,0.0177982521
10.33333333,Cd,0.1,VIPdeltaRecA,0.478875,0.006990906083
10.33333333,Cd,0.1,VIP205,0.2513333333,0.01549551907
10.33333333,Cd,0.15,MC1061,0.04066666667,0.002333333333
10.33333333,Cd,0.15,MC-SCFP3A,0.04066666667,0.001763834207
10.33333333,Cd,0.15,VIPdeltaRecA,0.322625,0.04437862158
10.33333333,Cd,0.15,VIP205,0.024,0.002081665999
10.33333333,Cd,0.2,MC1061,0.017,0
10.33333333,Cd,0.2,MC-SCFP3A,0.03333333333,0.0008819171037
10.33333333,Cd,0.2,VIPdeltaRecA,0.0985,0.02702313823
10.33333333,Cd,0.2,VIP205,0.02266666667,0.001763834207
10.33333333,Cd,0.25,MC1061,0.02,0.001
10.33333333,Cd,0.25,MC-SCFP3A,0.01466666667,0.0003333333333
10.33333333,Cd,0.25,VIPdeltaRecA,0.051125,0.002668851412
10.33333333,Cd,0.25,VIP205,0.021,0.0005773502692
10.33333333,Cd,0.3,VIPdeltaRecA,0.055375,0.003316288265
10.33333333,Cd,0.35,VIPdeltaRecA,0.056125,0.001673720193
10.33333333,Cd,0.4,VIPdeltaRecA,0.062,0.003295017884
10.33333333,Cd,0.45,MC1061,0.02166666667,0.001452966315
10.33333333,Cd,0.45,MC-SCFP3A,0.021,0
10.33333333,Cd,0.45,VIPdeltaRecA,0.062625,0.003584544369
10.33333333,Cd,0.45,VIP205,0.01966666667,0.0006666666667
10.66666667,AMP,0,MC1061,0.4903333333,0.01425170555
10.66666667,AMP,0,MC-SCFP3A,0.5246666667,0.0336518119
10.66666667,AMP,0,VIPdeltaRecA,0.7516666667,0.05640724934
10.66666667,AMP,0,VIP205,0.7753333333,0.03658020108
10.66666667,AMP,0.25,MC1061,0.208,0.006506407099
10.66666667,AMP,0.25,MC-SCFP3A,0.358,0.05583009941
10.66666667,AMP,0.25,VIP205,0.529,0.006110100927
10.66666667,AMP,0.5,MC1061,0.2026666667,0.0003333333333
10.66666667,AMP,0.5,MC-SCFP3A,0.2196666667,0.01898537449
10.66666667,AMP,0.5,VIP205,0.3543333333,0.02321876636
10.66666667,AMP,1,MC1061,0.1273333333,0.002603416559
10.66666667,AMP,1,MC-SCFP3A,0.1276666667,0.003844187532
10.66666667,AMP,1,VIPdeltaRecA,0.816875,0.01086678672
10.66666667,AMP,1,VIP205,0.192,0.02029778313
10.66666667,AMP,1.5,MC1061,0.1063333333,0.004630814663
10.66666667,AMP,1.5,MC-SCFP3A,0.09533333333,0.006691619967
10.66666667,AMP,1.5,VIP205,0.131,0.009073771726
10.66666667,AMP,2,MC1061,0.099,0.002516611478
10.66666667,AMP,2,MC-SCFP3A,0.08166666667,0.006064468466
10.66666667,AMP,2,VIPdeltaRecA,0.811875,0.01301844502
10.66666667,AMP,2,VIP205,0.102,0.008504900548
10.66666667,AMP,2.5,MC1061,0.09233333333,0.002333333333
10.66666667,AMP,2.5,MC-SCFP3A,0.081,0.002081665999
10.66666667,AMP,2.5,VIP205,0.09133333333,0.004807401701
10.66666667,AMP,3,VIPdeltaRecA,0.807375,0.008183034497
10.66666667,AMP,4,VIPdeltaRecA,0.799,0.01880539436
10.66666667,AMP,5,MC1061,0.03933333333,0.001666666667
10.66666667,AMP,5,MC-SCFP3A,0.03166666667,0.001855921454
10.66666667,AMP,5,VIPdeltaRecA,0.8135,0.01452460966
10.66666667,AMP,5,VIP205,0.07066666667,0.0008819171037
10.66666667,Cd,0,MC1061,0.528,0.004163331999
10.66666667,Cd,0,MC-SCFP3A,0.605,0.03798683983
10.66666667,Cd,0,VIPdeltaRecA,0.813,0.01550268794
10.66666667,Cd,0,VIP205,0.856,0.01345362405
10.66666667,Cd,0.025,MC1061,0.4973333333,0.002962731472
10.66666667,Cd,0.025,MC-SCFP3A,0.4776666667,0.00240370085
10.66666667,Cd,0.025,VIP205,0.6883333333,0.01065103021
10.66666667,Cd,0.05,MC1061,0.3423333333,0.005364492313
10.66666667,Cd,0.05,MC-SCFP3A,0.32,0.00608276253
10.66666667,Cd,0.05,VIPdeltaRecA,0.53475,0.01545240388
10.66666667,Cd,0.05,VIP205,0.475,0.007234178138
10.66666667,Cd,0.1,MC1061,0.404,0.01708800749
10.66666667,Cd,0.1,MC-SCFP3A,0.2856666667,0.01835150614
10.66666667,Cd,0.1,VIPdeltaRecA,0.477625,0.007035465006
10.66666667,Cd,0.1,VIP205,0.27,0.01517673658
10.66666667,Cd,0.15,MC1061,0.04,0.002081665999
10.66666667,Cd,0.15,MC-SCFP3A,0.04,0.001732050808
10.66666667,Cd,0.15,VIPdeltaRecA,0.336625,0.04677718366
10.66666667,Cd,0.15,VIP205,0.02366666667,0.001855921454
10.66666667,Cd,0.2,MC1061,0.017,0
10.66666667,Cd,0.2,MC-SCFP3A,0.033,0.001154700538
10.66666667,Cd,0.2,VIPdeltaRecA,0.103625,0.02872588274
10.66666667,Cd,0.2,VIP205,0.02266666667,0.001763834207
10.66666667,Cd,0.25,MC1061,0.01966666667,0.0006666666667
10.66666667,Cd,0.25,MC-SCFP3A,0.01466666667,0.0003333333333
10.66666667,Cd,0.25,VIPdeltaRecA,0.05175,0.002920066046
10.66666667,Cd,0.25,VIP205,0.02033333333,0.0008819171037
10.66666667,Cd,0.3,VIPdeltaRecA,0.056625,0.004083667382
10.66666667,Cd,0.35,VIPdeltaRecA,0.056625,0.00190804219
10.66666667,Cd,0.4,VIPdeltaRecA,0.062125,0.003552853481
10.66666667,Cd,0.45,MC1061,0.02166666667,0.001452966315
10.66666667,Cd,0.45,MC-SCFP3A,0.02066666667,0.0003333333333
10.66666667,Cd,0.45,VIPdeltaRecA,0.06475,0.005149838185
10.66666667,Cd,0.45,VIP205,0.01966666667,0.0006666666667
11,AMP,0,MC1061,0.4886666667,0.01337078075
11,AMP,0,MC-SCFP3A,0.521,0.03292921702
11,AMP,0,VIPdeltaRecA,0.7573333333,0.05871210362
11,AMP,0,VIP205,0.7773333333,0.03711842909
11,AMP,0.25,MC1061,0.199,0.009643650761
11,AMP,0.25,MC-SCFP3A,0.339,0.04996331988
11,AMP,0.25,VIP205,0.528,0.004582575695
11,AMP,0.5,MC1061,0.2046666667,0.0003333333333
11,AMP,0.5,MC-SCFP3A,0.2146666667,0.01728518955
11,AMP,0.5,VIP205,0.355,0.02413158373
11,AMP,1,MC1061,0.1273333333,0.002603416559
11,AMP,1,MC-SCFP3A,0.1273333333,0.004096068576
11,AMP,1,VIPdeltaRecA,0.816875,0.01086514332
11,AMP,1,VIP205,0.1916666667,0.02051286859
11,AMP,1.5,MC1061,0.1066666667,0.004666666667
11,AMP,1.5,MC-SCFP3A,0.09533333333,0.006691619967
11,AMP,1.5,VIP205,0.1316666667,0.009614803401
11,AMP,2,MC1061,0.09933333333,0.003179797338
11,AMP,2,MC-SCFP3A,0.08166666667,0.006064468466
11,AMP,2,VIPdeltaRecA,0.811875,0.01298410773
11,AMP,2,VIP205,0.1023333333,0.008569973421
11,AMP,2.5,MC1061,0.092,0.002081665999
11,AMP,2.5,MC-SCFP3A,0.08133333333,0.002333333333
11,AMP,2.5,VIP205,0.09066666667,0.004910306621
11,AMP,3,VIPdeltaRecA,0.807375,0.008293580779
11,AMP,4,VIPdeltaRecA,0.8,0.0187626148
11,AMP,5,MC1061,0.03933333333,0.001666666667
11,AMP,5,MC-SCFP3A,0.03166666667,0.001855921454
11,AMP,5,VIPdeltaRecA,0.810875,0.01363351634
11,AMP,5,VIP205,0.07033333333,0.0006666666667
11,Cd,0,MC1061,0.5243333333,0.003844187532
11,Cd,0,MC-SCFP3A,0.6036666667,0.04013449611
11,Cd,0,VIPdeltaRecA,0.8173333333,0.01974279053
11,Cd,0,VIP205,0.8646666667,0.01337078075
11,Cd,0.025,MC1061,0.4946666667,0.003711842909
11,Cd,0.025,MC-SCFP3A,0.474,0.002886751346
11,Cd,0.025,VIP205,0.6926666667,0.01058825345
11,Cd,0.05,MC1061,0.3386666667,0.004841946349
11,Cd,0.05,MC-SCFP3A,0.3166666667,0.006691619967
11,Cd,0.05,VIPdeltaRecA,0.533625,0.01539937093
11,Cd,0.05,VIP205,0.4783333333,0.007535103037
11,Cd,0.1,MC1061,0.4053333333,0.01722723941
11,Cd,0.1,MC-SCFP3A,0.2843333333,0.0177043623
11,Cd,0.1,VIPdeltaRecA,0.47675,0.007274588845
11,Cd,0.1,VIP205,0.2883333333,0.01431005862
11,Cd,0.15,MC1061,0.039,0.002081665999
11,Cd,0.15,MC-SCFP3A,0.04,0.001732050808
11,Cd,0.15,VIPdeltaRecA,0.352375,0.04961348373
11,Cd,0.15,VIP205,0.02366666667,0.001855921454
11,Cd,0.2,MC1061,0.017,0
11,Cd,0.2,MC-SCFP3A,0.033,0.001154700538
11,Cd,0.2,VIPdeltaRecA,0.10925,0.03125228563
11,Cd,0.2,VIP205,0.02266666667,0.001763834207
11,Cd,0.25,MC1061,0.019,0.001
11,Cd,0.25,MC-SCFP3A,0.01466666667,0.0003333333333
11,Cd,0.25,VIPdeltaRecA,0.052875,0.003142096093
11,Cd,0.25,VIP205,0.02033333333,0.0008819171037
11,Cd,0.3,VIPdeltaRecA,0.05775,0.004697073557
11,Cd,0.35,VIPdeltaRecA,0.056875,0.002430736955
11,Cd,0.4,VIPdeltaRecA,0.062375,0.003821637177
11,Cd,0.45,MC1061,0.02166666667,0.001452966315
11,Cd,0.45,MC-SCFP3A,0.02033333333,0.0003333333333
11,Cd,0.45,VIPdeltaRecA,0.0676875,0.006436690888
11,Cd,0.45,VIP205,0.01966666667,0.0006666666667
11.33333333,AMP,0,MC1061,0.4866666667,0.01266666667
11.33333333,AMP,0,MC-SCFP3A,0.5176666667,0.03183464221
11.33333333,AMP,0,VIPdeltaRecA,0.764,0.05902541825
11.33333333,AMP,0,VIP205,0.779,0.03530344648
11.33333333,AMP,0.25,MC1061,0.197,0.009539392014
11.33333333,AMP,0.25,MC-SCFP3A,0.3196666667,0.05274572126
11.33333333,AMP,0.25,VIP205,0.5263333333,0.001763834207
11.33333333,AMP,0.5,MC1061,0.206,0.001
11.33333333,AMP,0.5,MC-SCFP3A,0.2106666667,0.008762292952
11.33333333,AMP,0.5,VIP205,0.355,0.02357965225
11.33333333,AMP,1,MC1061,0.1263333333,0.002603416559
11.33333333,AMP,1,MC-SCFP3A,0.126,0.004358898944
11.33333333,AMP,1,VIPdeltaRecA,0.815375,0.01078016946
11.33333333,AMP,1,VIP205,0.1913333333,0.02008592653
11.33333333,AMP,1.5,MC1061,0.1063333333,0.004977728174
11.33333333,AMP,1.5,MC-SCFP3A,0.095,0.007
11.33333333,AMP,1.5,VIP205,0.131,0.01026320288
11.33333333,AMP,2,MC1061,0.09833333333,0.003179797338
11.33333333,AMP,2,MC-SCFP3A,0.08166666667,0.006064468466
11.33333333,AMP,2,VIPdeltaRecA,0.810875,0.01287638689
11.33333333,AMP,2,VIP205,0.102,0.007767453465
11.33333333,AMP,2.5,MC1061,0.09166666667,0.001855921454
11.33333333,AMP,2.5,MC-SCFP3A,0.081,0.002081665999
11.33333333,AMP,2.5,VIP205,0.09066666667,0.005364492313
11.33333333,AMP,3,VIPdeltaRecA,0.806625,0.008464078509
11.33333333,AMP,4,VIPdeltaRecA,0.79975,0.01834661316
11.33333333,AMP,5,MC1061,0.03933333333,0.001666666667
11.33333333,AMP,5,MC-SCFP3A,0.03133333333,0.001763834207
11.33333333,AMP,5,VIPdeltaRecA,0.807875,0.01349925593
11.33333333,AMP,5,VIP205,0.07066666667,0.0008819171037
11.33333333,Cd,0,MC1061,0.5216666667,0.003929942041
11.33333333,Cd,0,MC-SCFP3A,0.6033333333,0.04155451573
11.33333333,Cd,0,VIPdeltaRecA,0.8196666667,0.02260039331
11.33333333,Cd,0,VIP205,0.8713333333,0.01369103519
11.33333333,Cd,0.025,MC1061,0.4916666667,0.004255715112
11.33333333,Cd,0.025,MC-SCFP3A,0.4706666667,0.003844187532
11.33333333,Cd,0.025,VIP205,0.6973333333,0.01072898463
11.33333333,Cd,0.05,MC1061,0.3353333333,0.004255715112
11.33333333,Cd,0.05,MC-SCFP3A,0.3123333333,0.008685876147
11.33333333,Cd,0.05,VIPdeltaRecA,0.53275,0.01534571834
11.33333333,Cd,0.05,VIP205,0.481,0.008144527815
11.33333333,Cd,0.1,MC1061,0.4056666667,0.0178916492
11.33333333,Cd,0.1,MC-SCFP3A,0.2843333333,0.0177043623
11.33333333,Cd,0.1,VIPdeltaRecA,0.47775,0.006206994902
11.33333333,Cd,0.1,VIP205,0.3043333333,0.01377598555
11.33333333,Cd,0.15,MC1061,0.039,0.002081665999
11.33333333,Cd,0.15,MC-SCFP3A,0.03966666667,0.001452966315
11.33333333,Cd,0.15,VIPdeltaRecA,0.3545,0.04763552096
11.33333333,Cd,0.15,VIP205,0.02366666667,0.001855921454
11.33333333,Cd,0.2,MC1061,0.017,0
11.33333333,Cd,0.2,MC-SCFP3A,0.033,0.001154700538
11.33333333,Cd,0.2,VIPdeltaRecA,0.113375,0.03308643307
11.33333333,Cd,0.2,VIP205,0.023,0.001732050808
11.33333333,Cd,0.25,MC1061,0.019,0.001
11.33333333,Cd,0.25,MC-SCFP3A,0.01466666667,0.0003333333333
11.33333333,Cd,0.25,VIPdeltaRecA,0.0535,0.003380617019
11.33333333,Cd,0.25,VIP205,0.02033333333,0.0008819171037
11.33333333,Cd,0.3,VIPdeltaRecA,0.058625,0.005264223929
11.33333333,Cd,0.35,VIPdeltaRecA,0.057,0.002535462764
11.33333333,Cd,0.4,VIPdeltaRecA,0.063375,0.004271740612
11.33333333,Cd,0.45,MC1061,0.02166666667,0.001452966315
11.33333333,Cd,0.45,MC-SCFP3A,0.02033333333,0.0003333333333
11.33333333,Cd,0.45,VIPdeltaRecA,0.0716875,0.008591526227
11.33333333,Cd,0.45,VIP205,0.02,0.0005773502692
11.66666667,AMP,0,MC1061,0.4853333333,0.01201850425
11.66666667,AMP,0,MC-SCFP3A,0.5143333333,0.03111984005
11.66666667,AMP,0,VIPdeltaRecA,0.7693333333,0.06020059062
11.66666667,AMP,0,VIP205,0.781,0.03583759665
11.66666667,AMP,0.25,MC1061,0.2013333333,0.006936217349
11.66666667,AMP,0.25,MC-SCFP3A,0.3056666667,0.0595380364
11.66666667,AMP,0.25,VIP205,0.524,0.001154700538
11.66666667,AMP,0.5,MC1061,0.207,0.001
11.66666667,AMP,0.5,MC-SCFP3A,0.2036666667,0.00638574802
11.66666667,AMP,0.5,VIP205,0.355,0.02357965225
11.66666667,AMP,1,MC1061,0.1256666667,0.002905932629
11.66666667,AMP,1,MC-SCFP3A,0.125,0.004358898944
11.66666667,AMP,1,VIPdeltaRecA,0.815625,0.01091351963
11.66666667,AMP,1,VIP205,0.1893333333,0.02008592653
11.66666667,AMP,1.5,MC1061,0.106,0.005291502622
11.66666667,AMP,1.5,MC-SCFP3A,0.09466666667,0.006741249472
11.66666667,AMP,1.5,VIP205,0.131,0.009291573243
11.66666667,AMP,2,MC1061,0.09766666667,0.003844187532
11.66666667,AMP,2,MC-SCFP3A,0.08133333333,0.006064468466
11.66666667,AMP,2,VIPdeltaRecA,0.810375,0.0125697163
11.66666667,AMP,2,VIP205,0.1016666667,0.007881060278
11.66666667,AMP,2.5,MC1061,0.091,0.002
11.66666667,AMP,2.5,MC-SCFP3A,0.081,0.002081665999
11.66666667,AMP,2.5,VIP205,0.09066666667,0.005364492313
11.66666667,AMP,3,VIPdeltaRecA,0.806,0.008904252596
11.66666667,AMP,4,VIPdeltaRecA,0.79775,0.01781727693
11.66666667,AMP,5,MC1061,0.039,0.001527525232
11.66666667,AMP,5,MC-SCFP3A,0.03133333333,0.001763834207
11.66666667,AMP,5,VIPdeltaRecA,0.803625,0.0136655687
11.66666667,AMP,5,VIP205,0.07133333333,0.0006666666667
11.66666667,Cd,0,MC1061,0.5196666667,0.003929942041
11.66666667,Cd,0,MC-SCFP3A,0.6013333333,0.04324092712
11.66666667,Cd,0,VIPdeltaRecA,0.82,0.02468467811
11.66666667,Cd,0,VIP205,0.879,0.01289702808
11.66666667,Cd,0.025,MC1061,0.4886666667,0.005783117191
11.66666667,Cd,0.025,MC-SCFP3A,0.4673333333,0.004371625683
11.66666667,Cd,0.025,VIP205,0.702,0.01101514109
11.66666667,Cd,0.05,MC1061,0.3316666667,0.00375647589
11.66666667,Cd,0.05,MC-SCFP3A,0.3096666667,0.009820613242
11.66666667,Cd,0.05,VIPdeltaRecA,0.533375,0.01595858199
11.66666667,Cd,0.05,VIP205,0.483,0.008144527815
11.66666667,Cd,0.1,MC1061,0.4066666667,0.0178916492
11.66666667,Cd,0.1,MC-SCFP3A,0.2836666667,0.01738134377
11.66666667,Cd,0.1,VIPdeltaRecA,0.47725,0.006616402778
11.66666667,Cd,0.1,VIP205,0.3173333333,0.01278453927
11.66666667,Cd,0.15,MC1061,0.03866666667,0.001763834207
11.66666667,Cd,0.15,MC-SCFP3A,0.03966666667,0.001452966315
11.66666667,Cd,0.15,VIPdeltaRecA,0.3535,0.04426381947
11.66666667,Cd,0.15,VIP205,0.02366666667,0.001855921454
11.66666667,Cd,0.2,MC1061,0.017,0
11.66666667,Cd,0.2,MC-SCFP3A,0.03266666667,0.0008819171037
11.66666667,Cd,0.2,VIPdeltaRecA,0.115625,0.03399471466
11.66666667,Cd,0.2,VIP205,0.02266666667,0.001763834207
11.66666667,Cd,0.25,MC1061,0.019,0.001
11.66666667,Cd,0.25,MC-SCFP3A,0.01466666667,0.0003333333333
11.66666667,Cd,0.25,VIPdeltaRecA,0.053875,0.003471503894
11.66666667,Cd,0.25,VIP205,0.02033333333,0.0008819171037
11.66666667,Cd,0.3,VIPdeltaRecA,0.058875,0.005610696099
11.66666667,Cd,0.35,VIPdeltaRecA,0.057125,0.002495978909
11.66666667,Cd,0.4,VIPdeltaRecA,0.0635,0.004496029995
11.66666667,Cd,0.45,MC1061,0.02166666667,0.001452966315
11.66666667,Cd,0.45,MC-SCFP3A,0.02033333333,0.0003333333333
11.66666667,Cd,0.45,VIPdeltaRecA,0.074375,0.01006680808
11.66666667,Cd,0.45,VIP205,0.02,0.0005773502692
12,AMP,0,MC1061,0.4836666667,0.01114051664
12,AMP,0,MC-SCFP3A,0.5106666667,0.02878850079
12,AMP,0,VIPdeltaRecA,0.776,0.06153318888
12,AMP,0,VIP205,0.7823333333,0.03497300546
12,AMP,0.25,MC1061,0.2026666667,0.006565905201
12,AMP,0.25,MC-SCFP3A,0.3016666667,0.06230123951
12,AMP,0.25,VIP205,0.5243333333,0.002728450924
12,AMP,0.5,MC1061,0.208,0.001
12,AMP,0.5,MC-SCFP3A,0.205,0.009609023537
12,AMP,0.5,VIP205,0.3543333333,0.02335475207
12,AMP,1,MC1061,0.125,0.002645751311
12,AMP,1,MC-SCFP3A,0.1243333333,0.004666666667
12,AMP,1,VIPdeltaRecA,0.815,0.01083809419
12,AMP,1,VIP205,0.1886666667,0.02033333333
12,AMP,1.5,MC1061,0.105,0.005291502622
12,AMP,1.5,MC-SCFP3A,0.094,0.007
12,AMP,1.5,VIP205,0.1303333333,0.008838049056
12,AMP,2,MC1061,0.09666666667,0.004333333333
12,AMP,2,MC-SCFP3A,0.08133333333,0.006064468466
12,AMP,2,VIPdeltaRecA,0.808875,0.01226265745
12,AMP,2,VIP205,0.1013333333,0.007623064417
12,AMP,2.5,MC1061,0.09033333333,0.001763834207
12,AMP,2.5,MC-SCFP3A,0.08033333333,0.002333333333
12,AMP,2.5,VIP205,0.091,0.005033222957
12,AMP,3,VIPdeltaRecA,0.8055,0.008562793269
12,AMP,4,VIPdeltaRecA,0.797125,0.01758696504
12,AMP,5,MC1061,0.039,0.001527525232
12,AMP,5,MC-SCFP3A,0.03133333333,0.001763834207
12,AMP,5,VIPdeltaRecA,0.8,0.01348941384
12,AMP,5,VIP205,0.07133333333,0.0006666666667
12,Cd,0,MC1061,0.5173333333,0.003711842909
12,Cd,0,MC-SCFP3A,0.6,0.04500370355
12,Cd,0,VIPdeltaRecA,0.8176666667,0.02867248003
12,Cd,0,VIP205,0.8846666667,0.01322035468
12,Cd,0.025,MC1061,0.4853333333,0.006437735972
12,Cd,0.025,MC-SCFP3A,0.4643333333,0.005333333333
12,Cd,0.025,VIP205,0.7063333333,0.01117039739
12,Cd,0.05,MC1061,0.329,0.004041451884
12,Cd,0.05,MC-SCFP3A,0.3056666667,0.01125956384
12,Cd,0.05,VIPdeltaRecA,0.536625,0.01620178286
12,Cd,0.05,VIP205,0.485,0.008144527815
12,Cd,0.1,MC1061,0.4076666667,0.01802159199
12,Cd,0.1,MC-SCFP3A,0.2833333333,0.0168951012
12,Cd,0.1,VIPdeltaRecA,0.47725,0.006335134456
12,Cd,0.1,VIP205,0.3266666667,0.01156623438
12,Cd,0.15,MC1061,0.038,0.001732050808
12,Cd,0.15,MC-SCFP3A,0.03966666667,0.001452966315
12,Cd,0.15,VIPdeltaRecA,0.36175,0.04355159092
12,Cd,0.15,VIP205,0.02333333333,0.001763834207
12,Cd,0.2,MC1061,0.017,0
12,Cd,0.2,MC-SCFP3A,0.03233333333,0.001201850425
12,Cd,0.2,VIPdeltaRecA,0.117625,0.03469558304
12,Cd,0.2,VIP205,0.02233333333,0.00202758751
12,Cd,0.25,MC1061,0.019,0.001
12,Cd,0.25,MC-SCFP3A,0.01466666667,0.0003333333333
12,Cd,0.25,VIPdeltaRecA,0.054375,0.003693321676
12,Cd,0.25,VIP205,0.02,0.001
12,Cd,0.3,VIPdeltaRecA,0.059625,0.006073765307
12,Cd,0.35,VIPdeltaRecA,0.057125,0.002635184325
12,Cd,0.4,VIPdeltaRecA,0.06325,0.004491062553
12,Cd,0.45,MC1061,0.02166666667,0.001452966315
12,Cd,0.45,MC-SCFP3A,0.02033333333,0.0003333333333
12,Cd,0.45,VIPdeltaRecA,0.0759375,0.01068506307
12,Cd,0.45,VIP205,0.01966666667,0.0006666666667
12.33333333,AMP,0,MC1061,0.481,0.009643650761
12.33333333,AMP,0,MC-SCFP3A,0.507,0.02740437921
12.33333333,AMP,0,VIPdeltaRecA,0.7806666667,0.0618501774
12.33333333,AMP,0,VIP205,0.7836666667,0.0345703791
12.33333333,AMP,0.25,MC1061,0.2063333333,0.004807401701
12.33333333,AMP,0.25,MC-SCFP3A,0.3023333333,0.06275437125
12.33333333,AMP,0.25,VIP205,0.5246666667,0.007423685817
12.33333333,AMP,0.5,MC1061,0.2086666667,0.001452966315
12.33333333,AMP,0.5,MC-SCFP3A,0.2113333333,0.007310570733
12.33333333,AMP,0.5,VIP205,0.3533333333,0.02335475207
12.33333333,AMP,1,MC1061,0.1246666667,0.002905932629
12.33333333,AMP,1,MC-SCFP3A,0.1236666667,0.004630814663
12.33333333,AMP,1,VIPdeltaRecA,0.81375,0.01087387104
12.33333333,AMP,1,VIP205,0.187,0.01967231557
12.33333333,AMP,1.5,MC1061,0.105,0.005291502622
12.33333333,AMP,1.5,MC-SCFP3A,0.094,0.007
12.33333333,AMP,1.5,VIP205,0.1296666667,0.008950481055
12.33333333,AMP,2,MC1061,0.096,0.005
12.33333333,AMP,2,MC-SCFP3A,0.08133333333,0.006064468466
12.33333333,AMP,2,VIPdeltaRecA,0.808,0.01215524578
12.33333333,AMP,2,VIP205,0.1023333333,0.008089774066
12.33333333,AMP,2.5,MC1061,0.08966666667,0.00202758751
12.33333333,AMP,2.5,MC-SCFP3A,0.08033333333,0.002333333333
12.33333333,AMP,2.5,VIP205,0.091,0.005033222957
12.33333333,AMP,3,VIPdeltaRecA,0.804625,0.008353650827
12.33333333,AMP,4,VIPdeltaRecA,0.796,0.0176584662
12.33333333,AMP,5,MC1061,0.03833333333,0.001666666667
12.33333333,AMP,5,MC-SCFP3A,0.03133333333,0.001763834207
12.33333333,AMP,5,VIPdeltaRecA,0.797125,0.01353228613
12.33333333,AMP,5,VIP205,0.072,0.0005773502692
12.33333333,Cd,0,MC1061,0.5146666667,0.003929942041
12.33333333,Cd,0,MC-SCFP3A,0.5973333333,0.04611700096
12.33333333,Cd,0,VIPdeltaRecA,0.8183333333,0.02871894458
12.33333333,Cd,0,VIP205,0.8906666667,0.01364225462
12.33333333,Cd,0.025,MC1061,0.4826666667,0.007310570733
12.33333333,Cd,0.025,MC-SCFP3A,0.4616666667,0.005783117191
12.33333333,Cd,0.025,VIP205,0.711,0.012
12.33333333,Cd,0.05,MC1061,0.3256666667,0.005174724899
12.33333333,Cd,0.05,MC-SCFP3A,0.3026666667,0.01183685394
12.33333333,Cd,0.05,VIPdeltaRecA,0.5405,0.01672145756
12.33333333,Cd,0.05,VIP205,0.488,0.008144527815
12.33333333,Cd,0.1,MC1061,0.4083333333,0.01781697069
12.33333333,Cd,0.1,MC-SCFP3A,0.283,0.0162583312
12.33333333,Cd,0.1,VIPdeltaRecA,0.4775,0.005791002874
12.33333333,Cd,0.1,VIP205,0.3336666667,0.01072898463
12.33333333,Cd,0.15,MC1061,0.038,0.001732050808
12.33333333,Cd,0.15,MC-SCFP3A,0.044,0.003055050463
12.33333333,Cd,0.15,VIPdeltaRecA,0.36675,0.04158629153
12.33333333,Cd,0.15,VIP205,0.02366666667,0.001855921454
12.33333333,Cd,0.2,MC1061,0.017,0
12.33333333,Cd,0.2,MC-SCFP3A,0.03233333333,0.001201850425
12.33333333,Cd,0.2,VIPdeltaRecA,0.11975,0.03530820928
12.33333333,Cd,0.2,VIP205,0.02266666667,0.001763834207
12.33333333,Cd,0.25,MC1061,0.019,0.001
12.33333333,Cd,0.25,MC-SCFP3A,0.01466666667,0.0003333333333
12.33333333,Cd,0.25,VIPdeltaRecA,0.055125,0.003902551821
12.33333333,Cd,0.25,VIP205,0.02,0.001
12.33333333,Cd,0.3,VIPdeltaRecA,0.060375,0.006673341153
12.33333333,Cd,0.35,VIPdeltaRecA,0.056875,0.002818545091
12.33333333,Cd,0.4,VIPdeltaRecA,0.0635,0.00457477556
12.33333333,Cd,0.45,MC1061,0.02166666667,0.001452966315
12.33333333,Cd,0.45,MC-SCFP3A,0.02033333333,0.0003333333333
12.33333333,Cd,0.45,VIPdeltaRecA,0.0785,0.01197114587
12.33333333,Cd,0.45,VIP205,0.02,0.0005773502692
12.66666667,AMP,0,MC1061,0.4796666667,0.008819171037
12.66666667,AMP,0,MC-SCFP3A,0.5043333333,0.0265915609
12.66666667,AMP,0,VIPdeltaRecA,0.7873333333,0.06317260306
12.66666667,AMP,0,VIP205,0.786,0.03370954365
12.66666667,AMP,0.25,MC1061,0.21,0.003511884584
12.66666667,AMP,0.25,MC-SCFP3A,0.3053333333,0.06099271359
12.66666667,AMP,0.25,VIP205,0.526,0.009504384953
12.66666667,AMP,0.5,MC1061,0.21,0.001527525232
12.66666667,AMP,0.5,MC-SCFP3A,0.2163333333,0.005238744549
12.66666667,AMP,0.5,VIP205,0.3523333333,0.02280594464
12.66666667,AMP,1,MC1061,0.1236666667,0.002905932629
12.66666667,AMP,1,MC-SCFP3A,0.1226666667,0.004630814663
12.66666667,AMP,1,VIPdeltaRecA,0.812375,0.0105693923
12.66666667,AMP,1,VIP205,0.187,0.01967231557
12.66666667,AMP,1.5,MC1061,0.1043333333,0.004977728174
12.66666667,AMP,1.5,MC-SCFP3A,0.09366666667,0.006741249472
12.66666667,AMP,1.5,VIP205,0.129,0.008621678104
12.66666667,AMP,2,MC1061,0.09566666667,0.005333333333
12.66666667,AMP,2,MC-SCFP3A,0.081,0.006350852961
12.66666667,AMP,2,VIPdeltaRecA,0.80725,0.01212398744
12.66666667,AMP,2,VIP205,0.1026666667,0.008373237791
12.66666667,AMP,2.5,MC1061,0.089,0.001732050808
12.66666667,AMP,2.5,MC-SCFP3A,0.08,0.002309401077
12.66666667,AMP,2.5,VIP205,0.09133333333,0.005174724899
12.66666667,AMP,3,VIPdeltaRecA,0.80425,0.00812348887
12.66666667,AMP,4,VIPdeltaRecA,0.7955,0.01749489722
12.66666667,AMP,5,MC1061,0.03833333333,0.001666666667
12.66666667,AMP,5,MC-SCFP3A,0.03133333333,0.001763834207
12.66666667,AMP,5,VIPdeltaRecA,0.794375,0.01374894476
12.66666667,AMP,5,VIP205,0.07166666667,0.0008819171037
12.66666667,Cd,0,MC1061,0.5123333333,0.004702245327
12.66666667,Cd,0,MC-SCFP3A,0.5963333333,0.04723816724
12.66666667,Cd,0,VIPdeltaRecA,0.817,0.03008875759
12.66666667,Cd,0,VIP205,0.8973333333,0.01332082747
12.66666667,Cd,0.025,MC1061,0.4793333333,0.007965202097
12.66666667,Cd,0.025,MC-SCFP3A,0.4596666667,0.006333333333
12.66666667,Cd,0.025,VIP205,0.7156666667,0.01234683945
12.66666667,Cd,0.05,MC1061,0.323,0.005686240703
12.66666667,Cd,0.05,MC-SCFP3A,0.2996666667,0.01299145018
12.66666667,Cd,0.05,VIPdeltaRecA,0.5425,0.01666690476
12.66666667,Cd,0.05,VIP205,0.49,0.008144527815
12.66666667,Cd,0.1,MC1061,0.4093333333,0.01781697069
12.66666667,Cd,0.1,MC-SCFP3A,0.2833333333,0.0165058912
12.66666667,Cd,0.1,VIPdeltaRecA,0.477,0.005812548003
12.66666667,Cd,0.1,VIP205,0.338,0.01021436896
12.66666667,Cd,0.15,MC1061,0.038,0.001732050808
12.66666667,Cd,0.15,MC-SCFP3A,0.042,0.001527525232
12.66666667,Cd,0.15,VIPdeltaRecA,0.3705,0.03906176428
12.66666667,Cd,0.15,VIP205,0.02366666667,0.001855921454
12.66666667,Cd,0.2,MC1061,0.017,0
12.66666667,Cd,0.2,MC-SCFP3A,0.03233333333,0.001201850425
12.66666667,Cd,0.2,VIPdeltaRecA,0.121625,0.03596423695
12.66666667,Cd,0.2,VIP205,0.02233333333,0.00202758751
12.66666667,Cd,0.25,MC1061,0.019,0.001
12.66666667,Cd,0.25,MC-SCFP3A,0.01466666667,0.0003333333333
12.66666667,Cd,0.25,VIPdeltaRecA,0.055125,0.004037491707
12.66666667,Cd,0.25,VIP205,0.02,0.001
12.66666667,Cd,0.3,VIPdeltaRecA,0.0605,0.007193747285
12.66666667,Cd,0.35,VIPdeltaRecA,0.057,0.002927700219
12.66666667,Cd,0.4,VIPdeltaRecA,0.06325,0.004794900565
12.66666667,Cd,0.45,MC1061,0.02166666667,0.001452966315
12.66666667,Cd,0.45,MC-SCFP3A,0.02033333333,0.0003333333333
12.66666667,Cd,0.45,VIPdeltaRecA,0.0808125,0.01321243693
12.66666667,Cd,0.45,VIP205,0.02,0.0005773502692
13,AMP,0,MC1061,0.4783333333,0.007838650678
13,AMP,0,MC-SCFP3A,0.5013333333,0.02586073815
13,AMP,0,VIPdeltaRecA,0.7913333333,0.06266666667
13,AMP,0,VIP205,0.787,0.03318132005
13,AMP,0.25,MC1061,0.2136666667,0.003179797338
13,AMP,0.25,MC-SCFP3A,0.308,0.05946707773
13,AMP,0.25,VIP205,0.528,0.0105039675
13,AMP,0.5,MC1061,0.2113333333,0.001763834207
13,AMP,0.5,MC-SCFP3A,0.22,0.004163331999
13,AMP,0.5,VIP205,0.3526666667,0.02302414192
13,AMP,1,MC1061,0.1233333333,0.002603416559
13,AMP,1,MC-SCFP3A,0.122,0.004358898944
13,AMP,1,VIPdeltaRecA,0.81275,0.01040904483
13,AMP,1,VIP205,0.187,0.01967231557
13,AMP,1.5,MC1061,0.104,0.004932882862
13,AMP,1.5,MC-SCFP3A,0.093,0.007
13,AMP,1.5,VIP205,0.1286666667,0.008412952976
13,AMP,2,MC1061,0.09466666667,0.005333333333
13,AMP,2,MC-SCFP3A,0.081,0.006350852961
13,AMP,2,VIPdeltaRecA,0.8075,0.01187885276
13,AMP,2,VIP205,0.1016666667,0.007688375063
13,AMP,2.5,MC1061,0.08866666667,0.002185812841
13,AMP,2.5,MC-SCFP3A,0.08,0.002309401077
13,AMP,2.5,VIP205,0.09133333333,0.005174724899
13,AMP,3,VIPdeltaRecA,0.805,0.008088792953
13,AMP,4,VIPdeltaRecA,0.795875,0.01722066605
13,AMP,5,MC1061,0.03833333333,0.001666666667
13,AMP,5,MC-SCFP3A,0.03133333333,0.001763834207
13,AMP,5,VIPdeltaRecA,0.7925,0.01419255338
13,AMP,5,VIP205,0.072,0.0005773502692
13,Cd,0,MC1061,0.5103333333,0.004702245327
13,Cd,0,MC-SCFP3A,0.5953333333,0.04763868643
13,Cd,0,VIPdeltaRecA,0.8133333333,0.02915666495
13,Cd,0,VIP205,0.902,0.01374772708
13,Cd,0.025,MC1061,0.4763333333,0.008950481055
13,Cd,0.025,MC-SCFP3A,0.4573333333,0.006741249472
13,Cd,0.025,VIP205,0.7206666667,0.01334582748
13,Cd,0.05,MC1061,0.32,0.007234178138
13,Cd,0.05,MC-SCFP3A,0.297,0.01389244399
13,Cd,0.05,VIPdeltaRecA,0.5465,0.01636961471
13,Cd,0.05,VIP205,0.4916666667,0.007838650678
13,Cd,0.1,MC1061,0.4103333333,0.01827870649
13,Cd,0.1,MC-SCFP3A,0.283,0.01682260384
13,Cd,0.1,VIPdeltaRecA,0.477,0.005988083404
13,Cd,0.1,VIP205,0.341,0.01069267662
13,Cd,0.15,MC1061,0.03766666667,0.001452966315
13,Cd,0.15,MC-SCFP3A,0.04166666667,0.001201850425
13,Cd,0.15,VIPdeltaRecA,0.377375,0.03667226351
13,Cd,0.15,VIP205,0.02366666667,0.001855921454
13,Cd,0.2,MC1061,0.017,0
13,Cd,0.2,MC-SCFP3A,0.032,0.001154700538
13,Cd,0.2,VIPdeltaRecA,0.124625,0.03690331842
13,Cd,0.2,VIP205,0.02233333333,0.00202758751
13,Cd,0.25,MC1061,0.019,0.001
13,Cd,0.25,MC-SCFP3A,0.01433333333,0.0003333333333
13,Cd,0.25,VIPdeltaRecA,0.05575,0.004147934081
13,Cd,0.25,VIP205,0.02,0.001
13,Cd,0.3,VIPdeltaRecA,0.061375,0.007910069306
13,Cd,0.35,VIPdeltaRecA,0.056875,0.002942529888
13,Cd,0.4,VIPdeltaRecA,0.063375,0.004884148924
13,Cd,0.45,MC1061,0.02166666667,0.001855921454
13,Cd,0.45,MC-SCFP3A,0.02033333333,0.0003333333333
13,Cd,0.45,VIPdeltaRecA,0.0831875,0.01451671989
13,Cd,0.45,VIP205,0.02,0.0005773502692
13.33333333,AMP,0,MC1061,0.4763333333,0.007218802609
13.33333333,AMP,0,MC-SCFP3A,0.4983333333,0.02377907577
13.33333333,AMP,0,VIPdeltaRecA,0.798,0.063
13.33333333,AMP,0,VIP205,0.7883333333,0.03331832996
13.33333333,AMP,0.25,MC1061,0.2173333333,0.003382963855
13.33333333,AMP,0.25,MC-SCFP3A,0.3106666667,0.05741467099
13.33333333,AMP,0.25,VIP205,0.5313333333,0.01519137182
13.33333333,AMP,0.5,MC1061,0.212,0.001527525232
13.33333333,AMP,0.5,MC-SCFP3A,0.2226666667,0.003527668415
13.33333333,AMP,0.5,VIP205,0.35,0.02182506205
13.33333333,AMP,1,MC1061,0.122,0.002645751311
13.33333333,AMP,1,MC-SCFP3A,0.1213333333,0.004333333333
13.33333333,AMP,1,VIPdeltaRecA,0.8115,0.01044714589
13.33333333,AMP,1,VIP205,0.1866666667,0.0193419521
13.33333333,AMP,1.5,MC1061,0.1036666667,0.005238744549
13.33333333,AMP,1.5,MC-SCFP3A,0.09266666667,0.006741249472
13.33333333,AMP,1.5,VIP205,0.1286666667,0.008950481055
13.33333333,AMP,2,MC1061,0.094,0.005507570547
13.33333333,AMP,2,MC-SCFP3A,0.081,0.006350852961
13.33333333,AMP,2,VIPdeltaRecA,0.8065,0.01167873525
13.33333333,AMP,2,VIP205,0.1013333333,0.007623064417
13.33333333,AMP,2.5,MC1061,0.08766666667,0.002185812841
13.33333333,AMP,2.5,MC-SCFP3A,0.07933333333,0.002603416559
13.33333333,AMP,2.5,VIP205,0.09166666667,0.004841946349
13.33333333,AMP,3,VIPdeltaRecA,0.803875,0.008153521369
13.33333333,AMP,4,VIPdeltaRecA,0.795,0.0171318417
13.33333333,AMP,5,MC1061,0.03833333333,0.001666666667
13.33333333,AMP,5,MC-SCFP3A,0.03133333333,0.001763834207
13.33333333,AMP,5,VIPdeltaRecA,0.789875,0.01466219324
13.33333333,AMP,5,VIP205,0.07166666667,0.0003333333333
13.33333333,Cd,0,MC1061,0.508,0.004509249753
13.33333333,Cd,0,MC-SCFP3A,0.593,0.04980294503
13.33333333,Cd,0,VIPdeltaRecA,0.812,0.0290229794
13.33333333,Cd,0,VIP205,0.9056666667,0.01407519489
13.33333333,Cd,0.025,MC1061,0.4733333333,0.009404490653
13.33333333,Cd,0.025,MC-SCFP3A,0.4553333333,0.007218802609
13.33333333,Cd,0.025,VIP205,0.7246666667,0.01386041526
13.33333333,Cd,0.05,MC1061,0.3176666667,0.008089774066
13.33333333,Cd,0.05,MC-SCFP3A,0.295,0.01479864859
13.33333333,Cd,0.05,VIPdeltaRecA,0.54925,0.01593597682
13.33333333,Cd,0.05,VIP205,0.4936666667,0.007264831573
13.33333333,Cd,0.1,MC1061,0.4133333333,0.01670661878
13.33333333,Cd,0.1,MC-SCFP3A,0.283,0.01644181661
13.33333333,Cd,0.1,VIPdeltaRecA,0.479625,0.005506286991
13.33333333,Cd,0.1,VIP205,0.3433333333,0.01125956384
13.33333333,Cd,0.15,MC1061,0.03733333333,0.001763834207
13.33333333,Cd,0.15,MC-SCFP3A,0.041,0.0005773502692
13.33333333,Cd,0.15,VIPdeltaRecA,0.386375,0.03483170636
13.33333333,Cd,0.15,VIP205,0.023,0.002081665999
13.33333333,Cd,0.2,MC1061,0.01666666667,0.0003333333333
13.33333333,Cd,0.2,MC-SCFP3A,0.032,0.001154700538
13.33333333,Cd,0.2,VIPdeltaRecA,0.127375,0.03762072828
13.33333333,Cd,0.2,VIP205,0.02233333333,0.00202758751
13.33333333,Cd,0.25,MC1061,0.019,0.001
13.33333333,Cd,0.25,MC-SCFP3A,0.01433333333,0.0003333333333
13.33333333,Cd,0.25,VIPdeltaRecA,0.05625,0.004333218863
13.33333333,Cd,0.25,VIP205,0.01966666667,0.001201850425
13.33333333,Cd,0.3,VIPdeltaRecA,0.06225,0.008478439041
13.33333333,Cd,0.35,VIPdeltaRecA,0.05675,0.003057484961
13.33333333,Cd,0.4,VIPdeltaRecA,0.063625,0.004935069474
13.33333333,Cd,0.45,MC1061,0.02133333333,0.001763834207
13.33333333,Cd,0.45,MC-SCFP3A,0.02,0
13.33333333,Cd,0.45,VIPdeltaRecA,0.0850625,0.01555138492
13.33333333,Cd,0.45,VIP205,0.02,0.0005773502692
13.66666667,AMP,0,MC1061,0.4756666667,0.006359594676
13.66666667,AMP,0,MC-SCFP3A,0.495,0.02193931023
13.66666667,AMP,0,VIPdeltaRecA,0.805,0.06150609726
13.66666667,AMP,0,VIP205,0.7886666667,0.03237969185
13.66666667,AMP,0.25,MC1061,0.2203333333,0.003844187532
13.66666667,AMP,0.25,MC-SCFP3A,0.313,0.05559076662
13.66666667,AMP,0.25,VIP205,0.535,0.01850225212
13.66666667,AMP,0.5,MC1061,0.213,0.001527525232
13.66666667,AMP,0.5,MC-SCFP3A,0.224,0.003214550254
13.66666667,AMP,0.5,VIP205,0.3483333333,0.02171277146
13.66666667,AMP,1,MC1061,0.121,0.002645751311
13.66666667,AMP,1,MC-SCFP3A,0.1206666667,0.004630814663
13.66666667,AMP,1,VIPdeltaRecA,0.8115,0.01037338628
13.66666667,AMP,1,VIP205,0.1856666667,0.01874685159
13.66666667,AMP,1.5,MC1061,0.103,0.004932882862
13.66666667,AMP,1.5,MC-SCFP3A,0.09233333333,0.006489307445
13.66666667,AMP,1.5,VIP205,0.1276666667,0.008412952976
13.66666667,AMP,2,MC1061,0.09366666667,0.005840471823
13.66666667,AMP,2,MC-SCFP3A,0.08066666667,0.006064468466
13.66666667,AMP,2,VIPdeltaRecA,0.80675,0.01137627544
13.66666667,AMP,2,VIP205,0.1016666667,0.007881060278
13.66666667,AMP,2.5,MC1061,0.08733333333,0.002333333333
13.66666667,AMP,2.5,MC-SCFP3A,0.079,0.002309401077
13.66666667,AMP,2.5,VIP205,0.091,0.005
13.66666667,AMP,3,VIPdeltaRecA,0.804,0.008178805362
13.66666667,AMP,4,VIPdeltaRecA,0.79475,0.01705950719
13.66666667,AMP,5,MC1061,0.038,0.001527525232
13.66666667,AMP,5,MC-SCFP3A,0.03133333333,0.001763834207
13.66666667,AMP,5,VIPdeltaRecA,0.788375,0.0150806611
13.66666667,AMP,5,VIP205,0.072,0.0005773502692
13.66666667,Cd,0,MC1061,0.506,0.004509249753
13.66666667,Cd,0,MC-SCFP3A,0.5916666667,0.0502968963
13.66666667,Cd,0,VIPdeltaRecA,0.8106666667,0.03012381856
13.66666667,Cd,0,VIP205,0.911,0.01473091986
13.66666667,Cd,0.025,MC1061,0.471,0.01006644591
13.66666667,Cd,0.025,MC-SCFP3A,0.454,0.007810249676
13.66666667,Cd,0.025,VIP205,0.7306666667,0.01437976974
13.66666667,Cd,0.05,MC1061,0.316,0.009865765725
13.66666667,Cd,0.05,MC-SCFP3A,0.294,0.01493318452
13.66666667,Cd,0.05,VIPdeltaRecA,0.550875,0.01595466513
13.66666667,Cd,0.05,VIP205,0.4963333333,0.006960204339
13.66666667,Cd,0.1,MC1061,0.4146666667,0.01685559584
13.66666667,Cd,0.1,MC-SCFP3A,0.283,0.01664331698
13.66666667,Cd,0.1,VIPdeltaRecA,0.47875,0.004479118217
13.66666667,Cd,0.1,VIP205,0.3456666667,0.01128912948
13.66666667,Cd,0.15,MC1061,0.03733333333,0.001763834207
13.66666667,Cd,0.15,MC-SCFP3A,0.04033333333,0.0003333333333
13.66666667,Cd,0.15,VIPdeltaRecA,0.391125,0.03100543587
13.66666667,Cd,0.15,VIP205,0.023,0.002081665999
13.66666667,Cd,0.2,MC1061,0.01666666667,0.0003333333333
13.66666667,Cd,0.2,MC-SCFP3A,0.03166666667,0.001452966315
13.66666667,Cd,0.2,VIPdeltaRecA,0.130125,0.03823537886
13.66666667,Cd,0.2,VIP205,0.02233333333,0.00202758751
13.66666667,Cd,0.25,MC1061,0.019,0.001
13.66666667,Cd,0.25,MC-SCFP3A,0.01433333333,0.0003333333333
13.66666667,Cd,0.25,VIPdeltaRecA,0.057,0.004539509099
13.66666667,Cd,0.25,VIP205,0.02,0.001
13.66666667,Cd,0.3,VIPdeltaRecA,0.06375,0.009527685223
13.66666667,Cd,0.35,VIPdeltaRecA,0.056625,0.003099179039
13.66666667,Cd,0.4,VIPdeltaRecA,0.064,0.00498927421
13.66666667,Cd,0.45,MC1061,0.02133333333,0.001763834207
13.66666667,Cd,0.45,MC-SCFP3A,0.02,0
13.66666667,Cd,0.45,VIPdeltaRecA,0.08625,0.01630299052
13.66666667,Cd,0.45,VIP205,0.02,0.0005773502692
14,AMP,0,MC1061,0.475,0.005507570547
14,AMP,0,MC-SCFP3A,0.4936666667,0.02228103329
14,AMP,0,VIPdeltaRecA,0.81,0.06151693534
14,AMP,0,VIP205,0.7903333333,0.03223007567
14,AMP,0.25,MC1061,0.223,0.004041451884
14,AMP,0.25,MC-SCFP3A,0.314,0.05245950819
14,AMP,0.25,VIP205,0.5416666667,0.02033333333
14,AMP,0.5,MC1061,0.214,0.001527525232
14,AMP,0.5,MC-SCFP3A,0.226,0.002645751311
14,AMP,0.5,VIP205,0.348,0.02029778313
14,AMP,1,MC1061,0.121,0.002645751311
14,AMP,1,MC-SCFP3A,0.1203333333,0.004333333333
14,AMP,1,VIPdeltaRecA,0.811,0.01032161394
14,AMP,1,VIP205,0.1863333333,0.01855921454
14,AMP,1.5,MC1061,0.1026666667,0.004910306621
14,AMP,1.5,MC-SCFP3A,0.09133333333,0.005925462945
14,AMP,1.5,VIP205,0.1276666667,0.007881060278
14,AMP,2,MC1061,0.09266666667,0.005840471823
14,AMP,2,MC-SCFP3A,0.08066666667,0.006064468466
14,AMP,2,VIPdeltaRecA,0.806625,0.01111777454
14,AMP,2,VIP205,0.1013333333,0.00751295178
14,AMP,2.5,MC1061,0.08633333333,0.002333333333
14,AMP,2.5,MC-SCFP3A,0.079,0.002309401077
14,AMP,2.5,VIP205,0.092,0.004509249753
14,AMP,3,VIPdeltaRecA,0.803875,0.00825581505
14,AMP,4,VIPdeltaRecA,0.793875,0.01704242343
14,AMP,5,MC1061,0.038,0.001527525232
14,AMP,5,MC-SCFP3A,0.031,0.001527525232
14,AMP,5,VIPdeltaRecA,0.786125,0.01537209613
14,AMP,5,VIP205,0.07233333333,0.0003333333333
14,Cd,0,MC1061,0.5046666667,0.004841946349
14,Cd,0,MC-SCFP3A,0.5906666667,0.05141119636
14,Cd,0,VIPdeltaRecA,0.8076666667,0.02978441054
14,Cd,0,VIP205,0.915,0.01429452109
14,Cd,0.025,MC1061,0.4683333333,0.0104774891
14,Cd,0.025,MC-SCFP3A,0.452,0.008717797887
14,Cd,0.025,VIP205,0.7353333333,0.01523519318
14,Cd,0.05,MC1061,0.3136666667,0.01074450764
14,Cd,0.05,MC-SCFP3A,0.2926666667,0.01524612883
14,Cd,0.05,VIPdeltaRecA,0.55325,0.01589333868
14,Cd,0.05,VIP205,0.4986666667,0.006359594676
14,Cd,0.1,MC1061,0.416,0.01652271164
14,Cd,0.1,MC-SCFP3A,0.2836666667,0.0163842743
14,Cd,0.1,VIPdeltaRecA,0.479,0.004869731585
14,Cd,0.1,VIP205,0.348,0.01193035345
14,Cd,0.15,MC1061,0.03733333333,0.001763834207
14,Cd,0.15,MC-SCFP3A,0.04,0.0005773502692
14,Cd,0.15,VIPdeltaRecA,0.399,0.02916088378
14,Cd,0.15,VIP205,0.023,0.002081665999
14,Cd,0.2,MC1061,0.01666666667,0.0003333333333
14,Cd,0.2,MC-SCFP3A,0.03166666667,0.001452966315
14,Cd,0.2,VIPdeltaRecA,0.133875,0.03947442097
14,Cd,0.2,VIP205,0.02233333333,0.00202758751
14,Cd,0.25,MC1061,0.019,0.001
14,Cd,0.25,MC-SCFP3A,0.01433333333,0.0003333333333
14,Cd,0.25,VIPdeltaRecA,0.057375,0.004693983611
14,Cd,0.25,VIP205,0.02,0.001154700538
14,Cd,0.3,VIPdeltaRecA,0.065125,0.01087664191
14,Cd,0.35,VIPdeltaRecA,0.056375,0.003099179039
14,Cd,0.4,VIPdeltaRecA,0.064,0.005092010549
14,Cd,0.45,MC1061,0.021,0.001527525232
14,Cd,0.45,MC-SCFP3A,0.02,0
14,Cd,0.45,VIPdeltaRecA,0.08725,0.01730691095
14,Cd,0.45,VIP205,0.02,0.0005773502692
14.33333333,AMP,0,MC1061,0.475,0.004725815626
14.33333333,AMP,0,MC-SCFP3A,0.49,0.0196977156
14.33333333,AMP,0,VIPdeltaRecA,0.8166666667,0.05985074027
14.33333333,AMP,0,VIP205,0.7916666667,0.03186603905
14.33333333,AMP,0.25,MC1061,0.2253333333,0.004096068576
14.33333333,AMP,0.25,MC-SCFP3A,0.309,0.04437717131
14.33333333,AMP,0.25,VIP205,0.547,0.02451530134
14.33333333,AMP,0.5,MC1061,0.2143333333,0.001666666667
14.33333333,AMP,0.5,MC-SCFP3A,0.2266666667,0.00240370085
14.33333333,AMP,0.5,VIP205,0.3473333333,0.02053722907
14.33333333,AMP,1,MC1061,0.1203333333,0.002603416559
14.33333333,AMP,1,MC-SCFP3A,0.12,0.004041451884
14.33333333,AMP,1,VIPdeltaRecA,0.810375,0.01019617838
14.33333333,AMP,1,VIP205,0.1863333333,0.01802159199
14.33333333,AMP,1.5,MC1061,0.1026666667,0.004910306621
14.33333333,AMP,1.5,MC-SCFP3A,0.09166666667,0.006173419726
14.33333333,AMP,1.5,VIP205,0.1273333333,0.007688375063
14.33333333,AMP,2,MC1061,0.09266666667,0.005840471823
14.33333333,AMP,2,MC-SCFP3A,0.08066666667,0.006064468466
14.33333333,AMP,2,VIPdeltaRecA,0.8065,0.01081170001
14.33333333,AMP,2,VIP205,0.102,0.007810249676
14.33333333,AMP,2.5,MC1061,0.08633333333,0.002333333333
14.33333333,AMP,2.5,MC-SCFP3A,0.07866666667,0.00202758751
14.33333333,AMP,2.5,VIP205,0.093,0.004
14.33333333,AMP,3,VIPdeltaRecA,0.802875,0.008203739348
14.33333333,AMP,4,VIPdeltaRecA,0.7935,0.01683745824
14.33333333,AMP,5,MC1061,0.03766666667,0.001855921454
14.33333333,AMP,5,MC-SCFP3A,0.031,0.001527525232
14.33333333,AMP,5,VIPdeltaRecA,0.78525,0.01552503738
14.33333333,AMP,5,VIP205,0.07233333333,0.0003333333333
14.33333333,Cd,0,MC1061,0.5036666667,0.004841946349
14.33333333,Cd,0,MC-SCFP3A,0.5893333333,0.0524669208
14.33333333,Cd,0,VIPdeltaRecA,0.805,0.02858904219
14.33333333,Cd,0,VIP205,0.9193333333,0.01494805822
14.33333333,Cd,0.025,MC1061,0.466,0.01059874206
14.33333333,Cd,0.025,MC-SCFP3A,0.4506666667,0.008819171037
14.33333333,Cd,0.025,VIP205,0.74,0.01609347694
14.33333333,Cd,0.05,MC1061,0.311,0.01193035345
14.33333333,Cd,0.05,MC-SCFP3A,0.2913333333,0.01555992002
14.33333333,Cd,0.05,VIPdeltaRecA,0.553,0.01619192921
14.33333333,Cd,0.05,VIP205,0.501,0.005507570547
14.33333333,Cd,0.1,MC1061,0.4176666667,0.01634353423
14.33333333,Cd,0.1,MC-SCFP3A,0.284,0.01587450787
14.33333333,Cd,0.1,VIPdeltaRecA,0.481375,0.004551049722
14.33333333,Cd,0.1,VIP205,0.349,0.01250333289
14.33333333,Cd,0.15,MC1061,0.037,0.002081665999
14.33333333,Cd,0.15,MC-SCFP3A,0.03966666667,0.0008819171037
14.33333333,Cd,0.15,VIPdeltaRecA,0.4025,0.02780351982
14.33333333,Cd,0.15,VIP205,0.023,0.002081665999
14.33333333,Cd,0.2,MC1061,0.01666666667,0.0003333333333
14.33333333,Cd,0.2,MC-SCFP3A,0.03166666667,0.001452966315
14.33333333,Cd,0.2,VIPdeltaRecA,0.138,0.04120852894
14.33333333,Cd,0.2,VIP205,0.02233333333,0.00202758751
14.33333333,Cd,0.25,MC1061,0.01866666667,0.0006666666667
14.33333333,Cd,0.25,MC-SCFP3A,0.01433333333,0.0003333333333
14.33333333,Cd,0.25,VIPdeltaRecA,0.058,0.004818120558
14.33333333,Cd,0.25,VIP205,0.01966666667,0.0008819171037
14.33333333,Cd,0.3,VIPdeltaRecA,0.066,0.01187133402
14.33333333,Cd,0.35,VIPdeltaRecA,0.056125,0.002972718213
14.33333333,Cd,0.4,VIPdeltaRecA,0.06375,0.005016935604
14.33333333,Cd,0.45,MC1061,0.021,0.001527525232
14.33333333,Cd,0.45,MC-SCFP3A,0.02,0
14.33333333,Cd,0.45,VIPdeltaRecA,0.0885625,0.01837955584
14.33333333,Cd,0.45,VIP205,0.02,0.0005773502692
14.66666667,AMP,0,MC1061,0.4746666667,0.004176654695
14.66666667,AMP,0,MC-SCFP3A,0.489,0.01942506971
14.66666667,AMP,0,VIPdeltaRecA,0.8223333333,0.05871210362
14.66666667,AMP,0,VIP205,0.792,0.03150132272
14.66666667,AMP,0.25,MC1061,0.227,0.004358898944
14.66666667,AMP,0.25,MC-SCFP3A,0.2856666667,0.019784955
14.66666667,AMP,0.25,VIP205,0.5536666667,0.0273881564
14.66666667,AMP,0.5,MC1061,0.2153333333,0.001666666667
14.66666667,AMP,0.5,MC-SCFP3A,0.227,0.001527525232
14.66666667,AMP,0.5,VIP205,0.3456666667,0.01980179565
14.66666667,AMP,1,MC1061,0.12,0.002645751311
14.66666667,AMP,1,MC-SCFP3A,0.1206666667,0.00348010217
14.66666667,AMP,1,VIPdeltaRecA,0.809375,0.009912001203
14.66666667,AMP,1,VIP205,0.186,0.01814754345
14.66666667,AMP,1.5,MC1061,0.102,0.004618802154
14.66666667,AMP,1.5,MC-SCFP3A,0.09166666667,0.006173419726
14.66666667,AMP,1.5,VIP205,0.1276666667,0.007838650678
14.66666667,AMP,2,MC1061,0.092,0.005507570547
14.66666667,AMP,2,MC-SCFP3A,0.08,0.00608276253
14.66666667,AMP,2,VIPdeltaRecA,0.8065,0.01033544525
14.66666667,AMP,2,VIP205,0.1026666667,0.007535103037
14.66666667,AMP,2.5,MC1061,0.08533333333,0.002333333333
14.66666667,AMP,2.5,MC-SCFP3A,0.07866666667,0.00202758751
14.66666667,AMP,2.5,VIP205,0.091,0.005
14.66666667,AMP,3,VIPdeltaRecA,0.8025,0.008285098499
14.66666667,AMP,4,VIPdeltaRecA,0.792875,0.01677310507
14.66666667,AMP,5,MC1061,0.03766666667,0.001855921454
14.66666667,AMP,5,MC-SCFP3A,0.031,0.001527525232
14.66666667,AMP,5,VIPdeltaRecA,0.784375,0.01549531899
14.66666667,AMP,5,VIP205,0.07266666667,0.0003333333333
14.66666667,Cd,0,MC1061,0.5023333333,0.004702245327
14.66666667,Cd,0,MC-SCFP3A,0.5893333333,0.05302305578
14.66666667,Cd,0,VIPdeltaRecA,0.8016666667,0.02849756325
14.66666667,Cd,0,VIP205,0.9226666667,0.01505914266
14.66666667,Cd,0.025,MC1061,0.4636666667,0.01072898463
14.66666667,Cd,0.025,MC-SCFP3A,0.449,0.009451631253
14.66666667,Cd,0.025,VIP205,0.7446666667,0.01695418663
14.66666667,Cd,0.05,MC1061,0.3093333333,0.01348249894
14.66666667,Cd,0.05,MC-SCFP3A,0.2903333333,0.01594086293
14.66666667,Cd,0.05,VIPdeltaRecA,0.555,0.01623708278
14.66666667,Cd,0.05,VIP205,0.504,0.004358898944
14.66666667,Cd,0.1,MC1061,0.4173333333,0.01667666367
14.66666667,Cd,0.1,MC-SCFP3A,0.2846666667,0.01562405553
14.66666667,Cd,0.1,VIPdeltaRecA,0.4835,0.004297008926
14.66666667,Cd,0.1,VIP205,0.3496666667,0.01311911244
14.66666667,Cd,0.15,MC1061,0.037,0.002081665999
14.66666667,Cd,0.15,MC-SCFP3A,0.03966666667,0.0008819171037
14.66666667,Cd,0.15,VIPdeltaRecA,0.4045,0.02751103675
14.66666667,Cd,0.15,VIP205,0.02333333333,0.002185812841
14.66666667,Cd,0.2,MC1061,0.01666666667,0.0003333333333
14.66666667,Cd,0.2,MC-SCFP3A,0.03133333333,0.001201850425
14.66666667,Cd,0.2,VIPdeltaRecA,0.139875,0.04107155668
14.66666667,Cd,0.2,VIP205,0.02233333333,0.00202758751
14.66666667,Cd,0.25,MC1061,0.01866666667,0.0006666666667
14.66666667,Cd,0.25,MC-SCFP3A,0.01433333333,0.0003333333333
14.66666667,Cd,0.25,VIPdeltaRecA,0.05875,0.005160806969
14.66666667,Cd,0.25,VIP205,0.02,0.001154700538
14.66666667,Cd,0.3,VIPdeltaRecA,0.066375,0.01224006521
14.66666667,Cd,0.35,VIPdeltaRecA,0.056,0.002939873661
14.66666667,Cd,0.4,VIPdeltaRecA,0.06375,0.005016935604
14.66666667,Cd,0.45,MC1061,0.021,0.001527525232
14.66666667,Cd,0.45,MC-SCFP3A,0.02,0
14.66666667,Cd,0.45,VIPdeltaRecA,0.0903125,0.01959777172
14.66666667,Cd,0.45,VIP205,0.02,0.0005773502692
15,AMP,0,MC1061,0.4746666667,0.003179797338
15,AMP,0,MC-SCFP3A,0.4876666667,0.0175720738
15,AMP,0,VIPdeltaRecA,0.8293333333,0.05620300506
15,AMP,0,VIP205,0.794,0.03150132272
15,AMP,0.25,MC1061,0.2286666667,0.004910306621
15,AMP,0.25,MC-SCFP3A,0.2626666667,0.00751295178
15,AMP,0.25,VIP205,0.562,0.03104834939
15,AMP,0.5,MC1061,0.216,0.002
15,AMP,0.5,MC-SCFP3A,0.2266666667,0.0008819171037
15,AMP,0.5,VIP205,0.3456666667,0.01974279053
15,AMP,1,MC1061,0.119,0.002645751311
15,AMP,1,MC-SCFP3A,0.121,0.002645751311
15,AMP,1,VIPdeltaRecA,0.80825,0.009826622004
15,AMP,1,VIP205,0.1856666667,0.01781697069
15,AMP,1.5,MC1061,0.1013333333,0.005206833117
15,AMP,1.5,MC-SCFP3A,0.09133333333,0.006489307445
15,AMP,1.5,VIP205,0.1273333333,0.007172478264
15,AMP,2,MC1061,0.092,0.005507570547
15,AMP,2,MC-SCFP3A,0.08,0.00608276253
15,AMP,2,VIPdeltaRecA,0.808125,0.009374047571
15,AMP,2,VIP205,0.1023333333,0.007218802609
15,AMP,2.5,MC1061,0.08533333333,0.002333333333
15,AMP,2.5,MC-SCFP3A,0.07866666667,0.00202758751
15,AMP,2.5,VIP205,0.091,0.005
15,AMP,3,VIPdeltaRecA,0.801875,0.008138176129
15,AMP,4,VIPdeltaRecA,0.792125,0.0168050136
15,AMP,5,MC1061,0.03766666667,0.001855921454
15,AMP,5,MC-SCFP3A,0.031,0.001527525232
15,AMP,5,VIPdeltaRecA,0.783125,0.01567007783
15,AMP,5,VIP205,0.07233333333,0.0003333333333
15,Cd,0,MC1061,0.5013333333,0.004702245327
15,Cd,0,MC-SCFP3A,0.5873333333,0.05454763464
15,Cd,0,VIPdeltaRecA,0.8003333333,0.02842729518
15,Cd,0,VIP205,0.9256666667,0.01516941367
15,Cd,0.025,MC1061,0.4623333333,0.01092906421
15,Cd,0.025,MC-SCFP3A,0.447,0.009291573243
15,Cd,0.025,VIP205,0.749,0.01761628035
15,Cd,0.05,MC1061,0.3076666667,0.01411067366
15,Cd,0.05,MC-SCFP3A,0.289,0.01569500982
15,Cd,0.05,VIPdeltaRecA,0.554,0.01577067804
15,Cd,0.05,VIP205,0.5066666667,0.00348010217
15,Cd,0.1,MC1061,0.4173333333,0.01767609811
15,Cd,0.1,MC-SCFP3A,0.2853333333,0.01555992002
15,Cd,0.1,VIPdeltaRecA,0.48425,0.004712256057
15,Cd,0.1,VIP205,0.3506666667,0.01348249894
15,Cd,0.15,MC1061,0.03666666667,0.001855921454
15,Cd,0.15,MC-SCFP3A,0.03966666667,0.0008819171037
15,Cd,0.15,VIPdeltaRecA,0.4055,0.02797256309
15,Cd,0.15,VIP205,0.023,0.002081665999
15,Cd,0.2,MC1061,0.016,0
15,Cd,0.2,MC-SCFP3A,0.031,0.001154700538
15,Cd,0.2,VIPdeltaRecA,0.14025,0.03953287511
15,Cd,0.2,VIP205,0.02233333333,0.00202758751
15,Cd,0.25,MC1061,0.018,0.001
15,Cd,0.25,MC-SCFP3A,0.01433333333,0.0003333333333
15,Cd,0.25,VIPdeltaRecA,0.0595,0.0054902511
15,Cd,0.25,VIP205,0.02033333333,0.0008819171037
15,Cd,0.3,VIPdeltaRecA,0.066875,0.01243474036
15,Cd,0.35,VIPdeltaRecA,0.056,0.002939873661
15,Cd,0.4,VIPdeltaRecA,0.063625,0.005028268305
15,Cd,0.45,MC1061,0.02066666667,0.001452966315
15,Cd,0.45,MC-SCFP3A,0.02,0
15,Cd,0.45,VIPdeltaRecA,0.09175,0.02053523395
15,Cd,0.45,VIP205,0.02,0.0005773502692
15.33333333,AMP,0,MC1061,0.475,0.003464101615
15.33333333,AMP,0,MC-SCFP3A,0.4846666667,0.01637409879
15.33333333,AMP,0,VIPdeltaRecA,0.8363333333,0.05471542541
15.33333333,AMP,0,VIP205,0.7946666667,0.03083468466
15.33333333,AMP,0.25,MC1061,0.2296666667,0.004910306621
15.33333333,AMP,0.25,MC-SCFP3A,0.2536666667,0.01713022021
15.33333333,AMP,0.25,VIP205,0.5666666667,0.03435274532
15.33333333,AMP,0.5,MC1061,0.2163333333,0.001666666667
15.33333333,AMP,0.5,MC-SCFP3A,0.226,0.001
15.33333333,AMP,0.5,VIP205,0.345,0.01955334583
15.33333333,AMP,1,MC1061,0.1183333333,0.002603416559
15.33333333,AMP,1,MC-SCFP3A,0.121,0.002
15.33333333,AMP,1,VIPdeltaRecA,0.806625,0.009846931175
15.33333333,AMP,1,VIP205,0.1856666667,0.01736215552
15.33333333,AMP,1.5,MC1061,0.101,0.005507570547
15.33333333,AMP,1.5,MC-SCFP3A,0.09066666667,0.006173419726
15.33333333,AMP,1.5,VIP205,0.1273333333,0.007666666667
15.33333333,AMP,2,MC1061,0.091,0.005507570547
15.33333333,AMP,2,MC-SCFP3A,0.08,0.00608276253
15.33333333,AMP,2,VIPdeltaRecA,0.808125,0.008994914238
15.33333333,AMP,2,VIP205,0.103,0.00692820323
15.33333333,AMP,2.5,MC1061,0.08466666667,0.002185812841
15.33333333,AMP,2.5,MC-SCFP3A,0.07833333333,0.001763834207
15.33333333,AMP,2.5,VIP205,0.091,0.005
15.33333333,AMP,3,VIPdeltaRecA,0.80025,0.007997209335
15.33333333,AMP,4,VIPdeltaRecA,0.790875,0.016765651
15.33333333,AMP,5,MC1061,0.03733333333,0.001666666667
15.33333333,AMP,5,MC-SCFP3A,0.031,0.001527525232
15.33333333,AMP,5,VIPdeltaRecA,0.782,0.01576614818
15.33333333,AMP,5,VIP205,0.073,0
15.33333333,Cd,0,MC1061,0.5006666667,0.005364492313
15.33333333,Cd,0,MC-SCFP3A,0.5866666667,0.05431492531
15.33333333,Cd,0,VIPdeltaRecA,0.7993333333,0.02835685298
15.33333333,Cd,0,VIP205,0.9286666667,0.01571976816
15.33333333,Cd,0.025,MC1061,0.4606666667,0.01072898463
15.33333333,Cd,0.025,MC-SCFP3A,0.4463333333,0.009938701011
15.33333333,Cd,0.025,VIP205,0.7536666667,0.0184782154
15.33333333,Cd,0.05,MC1061,0.306,0.01513274595
15.33333333,Cd,0.05,MC-SCFP3A,0.288,0.01609347694
15.33333333,Cd,0.05,VIPdeltaRecA,0.554625,0.01573433178
15.33333333,Cd,0.05,VIP205,0.5103333333,0.00202758751
15.33333333,Cd,0.1,MC1061,0.4186666667,0.01733333333
15.33333333,Cd,0.1,MC-SCFP3A,0.2863333333,0.01537675013
15.33333333,Cd,0.1,VIPdeltaRecA,0.48325,0.004016706184
15.33333333,Cd,0.1,VIP205,0.3513333333,0.01411067366
15.33333333,Cd,0.15,MC1061,0.03633333333,0.002185812841
15.33333333,Cd,0.15,MC-SCFP3A,0.03966666667,0.0008819171037
15.33333333,Cd,0.15,VIPdeltaRecA,0.405625,0.02789581222
15.33333333,Cd,0.15,VIP205,0.02333333333,0.002185812841
15.33333333,Cd,0.2,MC1061,0.016,0
15.33333333,Cd,0.2,MC-SCFP3A,0.031,0.001154700538
15.33333333,Cd,0.2,VIPdeltaRecA,0.145375,0.04151244972
15.33333333,Cd,0.2,VIP205,0.02233333333,0.00202758751
15.33333333,Cd,0.25,MC1061,0.018,0.001
15.33333333,Cd,0.25,MC-SCFP3A,0.01433333333,0.0003333333333
15.33333333,Cd,0.25,VIPdeltaRecA,0.060375,0.00581849729
15.33333333,Cd,0.25,VIP205,0.01933333333,0.0008819171037
15.33333333,Cd,0.3,VIPdeltaRecA,0.066875,0.01243474036
15.33333333,Cd,0.35,VIPdeltaRecA,0.056,0.002939873661
15.33333333,Cd,0.4,VIPdeltaRecA,0.0635,0.005028490259
15.33333333,Cd,0.45,MC1061,0.02066666667,0.001452966315
15.33333333,Cd,0.45,MC-SCFP3A,0.02,0
15.33333333,Cd,0.45,VIPdeltaRecA,0.0933125,0.0217996022
15.33333333,Cd,0.45,VIP205,0.02,0.0005773502692
15.66666667,AMP,0,MC1061,0.4753333333,0.003179797338
15.66666667,AMP,0,MC-SCFP3A,0.4843333333,0.01497034105
15.66666667,AMP,0,VIPdeltaRecA,0.8406666667,0.05344571493
15.66666667,AMP,0,VIP205,0.7956666667,0.03033882734
15.66666667,AMP,0.25,MC1061,0.231,0.004932882862
15.66666667,AMP,0.25,MC-SCFP3A,0.2526666667,0.01901169231
15.66666667,AMP,0.25,VIP205,0.5703333333,0.03474350459
15.66666667,AMP,0.5,MC1061,0.2163333333,0.001201850425
15.66666667,AMP,0.5,MC-SCFP3A,0.225,0.0005773502692
15.66666667,AMP,0.5,VIP205,0.344,0.0195192213
15.66666667,AMP,1,MC1061,0.1183333333,0.002603416559
15.66666667,AMP,1,MC-SCFP3A,0.122,0.001732050808
15.66666667,AMP,1,VIPdeltaRecA,0.8055,0.009865162369
15.66666667,AMP,1,VIP205,0.1853333333,0.01703264839
15.66666667,AMP,1.5,MC1061,0.1003333333,0.005206833117
15.66666667,AMP,1.5,MC-SCFP3A,0.09066666667,0.005607534614
15.66666667,AMP,1.5,VIP205,0.127,0.007505553499
15.66666667,AMP,2,MC1061,0.09066666667,0.005364492313
15.66666667,AMP,2,MC-SCFP3A,0.07966666667,0.005811865258
15.66666667,AMP,2,VIPdeltaRecA,0.808875,0.008739151438
15.66666667,AMP,2,VIP205,0.1033333333,0.006936217349
15.66666667,AMP,2.5,MC1061,0.08433333333,0.002333333333
15.66666667,AMP,2.5,MC-SCFP3A,0.078,0.002081665999
15.66666667,AMP,2.5,VIP205,0.091,0.005507570547
15.66666667,AMP,3,VIPdeltaRecA,0.79875,0.007873440889
15.66666667,AMP,4,VIPdeltaRecA,0.789875,0.01668022514
15.66666667,AMP,5,MC1061,0.03733333333,0.001666666667
15.66666667,AMP,5,MC-SCFP3A,0.031,0.001527525232
15.66666667,AMP,5,VIPdeltaRecA,0.78075,0.01593485622
15.66666667,AMP,5,VIP205,0.073,0.0005773502692
15.66666667,Cd,0,MC1061,0.5,0.005033222957
15.66666667,Cd,0,MC-SCFP3A,0.5856666667,0.05501615924
15.66666667,Cd,0,VIPdeltaRecA,0.7973333333,0.02883477838
15.66666667,Cd,0,VIP205,0.93,0.0174737899
15.66666667,Cd,0.025,MC1061,0.4586666667,0.01072898463
15.66666667,Cd,0.025,MC-SCFP3A,0.4446666667,0.01003881356
15.66666667,Cd,0.025,VIP205,0.757,0.01921804707
15.66666667,Cd,0.05,MC1061,0.3036666667,0.016414763
15.66666667,Cd,0.05,MC-SCFP3A,0.287,0.01594783162
15.66666667,Cd,0.05,VIPdeltaRecA,0.553875,0.01584347263
15.66666667,Cd,0.05,VIP205,0.5136666667,0.001452966315
15.66666667,Cd,0.1,MC1061,0.4206666667,0.01733333333
15.66666667,Cd,0.1,MC-SCFP3A,0.287,0.01553490693
15.66666667,Cd,0.1,VIPdeltaRecA,0.4835,0.004423960733
15.66666667,Cd,0.1,VIP205,0.3523333333,0.01411067366
15.66666667,Cd,0.15,MC1061,0.036,0.002081665999
15.66666667,Cd,0.15,MC-SCFP3A,0.03933333333,0.001201850425
15.66666667,Cd,0.15,VIPdeltaRecA,0.405,0.02814376358
15.66666667,Cd,0.15,VIP205,0.023,0.002081665999
15.66666667,Cd,0.2,MC1061,0.016,0
15.66666667,Cd,0.2,MC-SCFP3A,0.031,0.001154700538
15.66666667,Cd,0.2,VIPdeltaRecA,0.14875,0.04157985003
15.66666667,Cd,0.2,VIP205,0.02266666667,0.002333333333
15.66666667,Cd,0.25,MC1061,0.018,0.001
15.66666667,Cd,0.25,MC-SCFP3A,0.01433333333,0.0003333333333
15.66666667,Cd,0.25,VIPdeltaRecA,0.061375,0.006259100517
15.66666667,Cd,0.25,VIP205,0.02,0.001154700538
15.66666667,Cd,0.3,VIPdeltaRecA,0.067125,0.01269200747
15.66666667,Cd,0.35,VIPdeltaRecA,0.055625,0.002999627953
15.66666667,Cd,0.4,VIPdeltaRecA,0.063125,0.005075985126
15.66666667,Cd,0.45,MC1061,0.02066666667,0.001452966315
15.66666667,Cd,0.45,MC-SCFP3A,0.02,0
15.66666667,Cd,0.45,VIPdeltaRecA,0.0948125,0.02290982663
15.66666667,Cd,0.45,VIP205,0.02,0.0005773502692
16,AMP,0,MC1061,0.4753333333,0.004255715112
16,AMP,0,MC-SCFP3A,0.4826666667,0.01367885635
16,AMP,0,VIPdeltaRecA,0.8466666667,0.0524478577
16,AMP,0,VIP205,0.7973333333,0.03017909505
16,AMP,0.25,MC1061,0.232,0.005507570547
16,AMP,0.25,MC-SCFP3A,0.2553333333,0.01781697069
16,AMP,0.25,VIP205,0.5736666667,0.03535219622
16,AMP,0.5,MC1061,0.2163333333,0.001763834207
16,AMP,0.5,MC-SCFP3A,0.2243333333,0.0003333333333
16,AMP,0.5,VIP205,0.3433333333,0.0193419521
16,AMP,1,MC1061,0.1173333333,0.002603416559
16,AMP,1,MC-SCFP3A,0.1223333333,0.002185812841
16,AMP,1,VIPdeltaRecA,0.804625,0.009803311212
16,AMP,1,VIP205,0.1853333333,0.01703264839
16,AMP,1.5,MC1061,0.09933333333,0.004910306621
16,AMP,1.5,MC-SCFP3A,0.09033333333,0.005364492313
16,AMP,1.5,VIP205,0.127,0.007505553499
16,AMP,2,MC1061,0.08966666667,0.005364492313
16,AMP,2,MC-SCFP3A,0.07933333333,0.005783117191
16,AMP,2,VIPdeltaRecA,0.806875,0.009012763767
16,AMP,2,VIP205,0.1033333333,0.006936217349
16,AMP,2.5,MC1061,0.08366666667,0.002185812841
16,AMP,2.5,MC-SCFP3A,0.078,0.002081665999
16,AMP,2.5,VIP205,0.09133333333,0.005174724899
16,AMP,3,VIPdeltaRecA,0.797875,0.007926982627
16,AMP,4,VIPdeltaRecA,0.7895,0.01659388872
16,AMP,5,MC1061,0.03733333333,0.001666666667
16,AMP,5,MC-SCFP3A,0.031,0.001527525232
16,AMP,5,VIPdeltaRecA,0.780375,0.01593618692
16,AMP,5,VIP205,0.074,0.0005773502692
16,Cd,0,MC1061,0.4986666667,0.005364492313
16,Cd,0,MC-SCFP3A,0.5856666667,0.05542662818
16,Cd,0,VIPdeltaRecA,0.796,0.02657693235
16,Cd,0,VIP205,0.9323333333,0.01812303629
16,Cd,0.025,MC1061,0.457,0.01006644591
16,Cd,0.025,MC-SCFP3A,0.443,0.01014889157
16,Cd,0.025,VIP205,0.7603333333,0.01987740202
16,Cd,0.05,MC1061,0.302,0.01761628035
16,Cd,0.05,MC-SCFP3A,0.2863333333,0.01647557114
16,Cd,0.05,VIPdeltaRecA,0.554375,0.01583163368
16,Cd,0.05,VIP205,0.5163333333,0.0006666666667
16,Cd,0.1,MC1061,0.4223333333,0.01716909368
16,Cd,0.1,MC-SCFP3A,0.288,0.01539480432
16,Cd,0.1,VIPdeltaRecA,0.483875,0.004493795326
16,Cd,0.1,VIP205,0.3533333333,0.01449520994
16,Cd,0.15,MC1061,0.036,0.002081665999
16,Cd,0.15,MC-SCFP3A,0.03933333333,0.001201850425
16,Cd,0.15,VIPdeltaRecA,0.406625,0.02845167425
16,Cd,0.15,VIP205,0.023,0.002081665999
16,Cd,0.2,MC1061,0.016,0
16,Cd,0.2,MC-SCFP3A,0.031,0.001154700538
16,Cd,0.2,VIPdeltaRecA,0.15525,0.04342964343
16,Cd,0.2,VIP205,0.02233333333,0.00202758751
16,Cd,0.25,MC1061,0.018,0.001
16,Cd,0.25,MC-SCFP3A,0.01433333333,0.0003333333333
16,Cd,0.25,VIPdeltaRecA,0.062125,0.006730626961
16,Cd,0.25,VIP205,0.01966666667,0.0008819171037
16,Cd,0.3,VIPdeltaRecA,0.067375,0.01280058244
16,Cd,0.35,VIPdeltaRecA,0.055625,0.002975720201
16,Cd,0.4,VIPdeltaRecA,0.0635,0.00511649992
16,Cd,0.45,MC1061,0.02066666667,0.001452966315
16,Cd,0.45,MC-SCFP3A,0.01966666667,0.0003333333333
16,Cd,0.45,VIPdeltaRecA,0.0965625,0.02414935623
16,Cd,0.45,VIP205,0.02,0.0005773502692
16.33333333,AMP,0,MC1061,0.4753333333,0.004977728174
16.33333333,AMP,0,MC-SCFP3A,0.4813333333,0.01133333333
16.33333333,AMP,0,VIPdeltaRecA,0.852,0.05011985634
16.33333333,AMP,0,VIP205,0.7983333333,0.03020117731
16.33333333,AMP,0.25,MC1061,0.2323333333,0.005547772326
16.33333333,AMP,0.25,MC-SCFP3A,0.258,0.01556705924
16.33333333,AMP,0.25,VIP205,0.5773333333,0.03617703384
16.33333333,AMP,0.5,MC1061,0.216,0.001154700538
16.33333333,AMP,0.5,MC-SCFP3A,0.223,0.0005773502692
16.33333333,AMP,0.5,VIP205,0.344,0.019
16.33333333,AMP,1,MC1061,0.1173333333,0.002603416559
16.33333333,AMP,1,MC-SCFP3A,0.1243333333,0.00375647589
16.33333333,AMP,1,VIPdeltaRecA,0.803375,0.009619432527
16.33333333,AMP,1,VIP205,0.185,0.01670329309
16.33333333,AMP,1.5,MC1061,0.099,0.004932882862
16.33333333,AMP,1.5,MC-SCFP3A,0.09033333333,0.004977728174
16.33333333,AMP,1.5,VIP205,0.127,0.007505553499
16.33333333,AMP,2,MC1061,0.08933333333,0.005238744549
16.33333333,AMP,2,MC-SCFP3A,0.07866666667,0.005811865258
16.33333333,AMP,2,VIPdeltaRecA,0.806125,0.009276386111
16.33333333,AMP,2,VIP205,0.103,0.006350852961
16.33333333,AMP,2.5,MC1061,0.08366666667,0.002185812841
16.33333333,AMP,2.5,MC-SCFP3A,0.07766666667,0.001855921454
16.33333333,AMP,2.5,VIP205,0.09066666667,0.005364492313
16.33333333,AMP,3,VIPdeltaRecA,0.796625,0.007683324941
16.33333333,AMP,4,VIPdeltaRecA,0.7885,0.01674066904
16.33333333,AMP,5,MC1061,0.037,0.001527525232
16.33333333,AMP,5,MC-SCFP3A,0.031,0.001527525232
16.33333333,AMP,5,VIPdeltaRecA,0.779,0.01607682449
16.33333333,AMP,5,VIP205,0.076,0.002516611478
16.33333333,Cd,0,MC1061,0.498,0.005033222957
16.33333333,Cd,0,MC-SCFP3A,0.5843333333,0.05621783031
16.33333333,Cd,0,VIPdeltaRecA,0.7943333333,0.02664165494
16.33333333,Cd,0,VIP205,0.934,0.01887679351
16.33333333,Cd,0.025,MC1061,0.4553333333,0.009871395263
16.33333333,Cd,0.025,MC-SCFP3A,0.4416666667,0.01039764931
16.33333333,Cd,0.025,VIP205,0.7646666667,0.02053722907
16.33333333,Cd,0.05,MC1061,0.3006666667,0.01835150614
16.33333333,Cd,0.05,MC-SCFP3A,0.285,0.01637070554
16.33333333,Cd,0.05,VIPdeltaRecA,0.554125,0.01611613821
16.33333333,Cd,0.05,VIP205,0.5196666667,0.001201850425
16.33333333,Cd,0.1,MC1061,0.4243333333,0.01667666367
16.33333333,Cd,0.1,MC-SCFP3A,0.2886666667,0.01571976816
16.33333333,Cd,0.1,VIPdeltaRecA,0.485625,0.004342224167
16.33333333,Cd,0.1,VIP205,0.354,0.01474222959
16.33333333,Cd,0.15,MC1061,0.03566666667,0.001855921454
16.33333333,Cd,0.15,MC-SCFP3A,0.03933333333,0.001201850425
16.33333333,Cd,0.15,VIPdeltaRecA,0.411,0.02822296431
16.33333333,Cd,0.15,VIP205,0.023,0.002081665999
16.33333333,Cd,0.2,MC1061,0.016,0
16.33333333,Cd,0.2,MC-SCFP3A,0.03066666667,0.001452966315
16.33333333,Cd,0.2,VIPdeltaRecA,0.157875,0.04326720859
16.33333333,Cd,0.2,VIP205,0.02233333333,0.00202758751
16.33333333,Cd,0.25,MC1061,0.018,0.001
16.33333333,Cd,0.25,MC-SCFP3A,0.01433333333,0.0003333333333
16.33333333,Cd,0.25,VIPdeltaRecA,0.063375,0.007262765854
16.33333333,Cd,0.25,VIP205,0.01966666667,0.0008819171037
16.33333333,Cd,0.3,VIPdeltaRecA,0.06825,0.01322976892
16.33333333,Cd,0.35,VIPdeltaRecA,0.055625,0.002945562643
16.33333333,Cd,0.4,VIPdeltaRecA,0.063125,0.005075985126
16.33333333,Cd,0.45,MC1061,0.02066666667,0.001452966315
16.33333333,Cd,0.45,MC-SCFP3A,0.01966666667,0.0003333333333
16.33333333,Cd,0.45,VIPdeltaRecA,0.098,0.0251002988
16.33333333,Cd,0.45,VIP205,0.02,0.0005773502692
16.66666667,AMP,0,MC1061,0.476,0.005773502692
16.66666667,AMP,0,MC-SCFP3A,0.4796666667,0.01125956384
16.66666667,AMP,0,VIPdeltaRecA,0.8553333333,0.04988096943
16.66666667,AMP,0,VIP205,0.7993333333,0.02971718545
16.66666667,AMP,0.25,MC1061,0.2326666667,0.006173419726
16.66666667,AMP,0.25,MC-SCFP3A,0.261,0.0130511813
16.66666667,AMP,0.25,VIP205,0.581,0.03604164258
16.66666667,AMP,0.5,MC1061,0.216,0.001
16.66666667,AMP,0.5,MC-SCFP3A,0.2216666667,0.0006666666667
16.66666667,AMP,0.5,VIP205,0.3426666667,0.01916884046
16.66666667,AMP,1,MC1061,0.1163333333,0.002603416559
16.66666667,AMP,1,MC-SCFP3A,0.1256666667,0.005925462945
16.66666667,AMP,1,VIPdeltaRecA,0.8025,0.009473647661
16.66666667,AMP,1,VIP205,0.1853333333,0.01596175986
16.66666667,AMP,1.5,MC1061,0.098,0.004358898944
16.66666667,AMP,1.5,MC-SCFP3A,0.09033333333,0.004977728174
16.66666667,AMP,1.5,VIP205,0.127,0.007
16.66666667,AMP,2,MC1061,0.08866666667,0.004910306621
16.66666667,AMP,2,MC-SCFP3A,0.079,0.005507570547
16.66666667,AMP,2,VIPdeltaRecA,0.807,0.009315885051
16.66666667,AMP,2,VIP205,0.1026666667,0.006641619615
16.66666667,AMP,2.5,MC1061,0.08366666667,0.002185812841
16.66666667,AMP,2.5,MC-SCFP3A,0.07733333333,0.002185812841
16.66666667,AMP,2.5,VIP205,0.09066666667,0.005364492313
16.66666667,AMP,3,VIPdeltaRecA,0.796125,0.007616798868
16.66666667,AMP,4,VIPdeltaRecA,0.787875,0.0169731274
16.66666667,AMP,5,MC1061,0.037,0.001527525232
16.66666667,AMP,5,MC-SCFP3A,0.031,0.001527525232
16.66666667,AMP,5,VIPdeltaRecA,0.77875,0.01613088209
16.66666667,AMP,5,VIP205,0.07933333333,0.005364492313
16.66666667,Cd,0,MC1061,0.4963333333,0.005696002497
16.66666667,Cd,0,MC-SCFP3A,0.5846666667,0.05654005463
16.66666667,Cd,0,VIPdeltaRecA,0.795,0.02482606158
16.66666667,Cd,0,VIP205,0.9363333333,0.01909915647
16.66666667,Cd,0.025,MC1061,0.4536666667,0.009207484878
16.66666667,Cd,0.025,MC-SCFP3A,0.4406666667,0.01039764931
16.66666667,Cd,0.025,VIP205,0.7683333333,0.02140353034
16.66666667,Cd,0.05,MC1061,0.2983333333,0.01909915647
16.66666667,Cd,0.05,MC-SCFP3A,0.2846666667,0.01658647374
16.66666667,Cd,0.05,VIPdeltaRecA,0.554125,0.01581301171
16.66666667,Cd,0.05,VIP205,0.5223333333,0.00202758751
16.66666667,Cd,0.1,MC1061,0.426,0.0170098011
16.66666667,Cd,0.1,MC-SCFP3A,0.2903333333,0.01593040419
16.66666667,Cd,0.1,VIPdeltaRecA,0.48725,0.004370150373
16.66666667,Cd,0.1,VIP205,0.3546666667,0.01481365736
16.66666667,Cd,0.15,MC1061,0.03533333333,0.002185812841
16.66666667,Cd,0.15,MC-SCFP3A,0.03933333333,0.001201850425
16.66666667,Cd,0.15,VIPdeltaRecA,0.413375,0.02630245609
16.66666667,Cd,0.15,VIP205,0.02333333333,0.002185812841
16.66666667,Cd,0.2,MC1061,0.016,0
16.66666667,Cd,0.2,MC-SCFP3A,0.03033333333,0.001452966315
16.66666667,Cd,0.2,VIPdeltaRecA,0.16375,0.04490456149
16.66666667,Cd,0.2,VIP205,0.02233333333,0.00202758751
16.66666667,Cd,0.25,MC1061,0.018,0.001
16.66666667,Cd,0.25,MC-SCFP3A,0.01433333333,0.0003333333333
16.66666667,Cd,0.25,VIPdeltaRecA,0.064875,0.007820388874
16.66666667,Cd,0.25,VIP205,0.01966666667,0.0008819171037
16.66666667,Cd,0.3,VIPdeltaRecA,0.068375,0.01320705642
16.66666667,Cd,0.35,VIPdeltaRecA,0.05575,0.002962564044
16.66666667,Cd,0.4,VIPdeltaRecA,0.063375,0.005206237674
16.66666667,Cd,0.45,MC1061,0.02066666667,0.001452966315
16.66666667,Cd,0.45,MC-SCFP3A,0.01966666667,0.0003333333333
16.66666667,Cd,0.45,VIPdeltaRecA,0.0995625,0.02610124019
16.66666667,Cd,0.45,VIP205,0.02,0.0005773502692
17,AMP,0,MC1061,0.476,0.007571877794
17,AMP,0,MC-SCFP3A,0.4793333333,0.0104774891
17,AMP,0,VIPdeltaRecA,0.862,0.04722640504
17,AMP,0,VIP205,0.8006666667,0.02942410199
17,AMP,0.25,MC1061,0.2326666667,0.006173419726
17,AMP,0.25,MC-SCFP3A,0.2633333333,0.01120019841
17,AMP,0.25,VIP205,0.582,0.03504283094
17,AMP,0.5,MC1061,0.2146666667,0.0008819171037
17,AMP,0.5,MC-SCFP3A,0.2203333333,0.0008819171037
17,AMP,0.5,VIP205,0.342,0.01900876991
17,AMP,1,MC1061,0.1153333333,0.002333333333
17,AMP,1,MC-SCFP3A,0.128,0.008621678104
17,AMP,1,VIPdeltaRecA,0.801,0.009420721841
17,AMP,1,VIP205,0.1856666667,0.01629246588
17,AMP,1.5,MC1061,0.098,0.003785938897
17,AMP,1.5,MC-SCFP3A,0.09033333333,0.004630814663
17,AMP,1.5,VIP205,0.127,0.007
17,AMP,2,MC1061,0.08833333333,0.004702245327
17,AMP,2,MC-SCFP3A,0.07833333333,0.005547772326
17,AMP,2,VIPdeltaRecA,0.806125,0.009538338991
17,AMP,2,VIP205,0.1026666667,0.00638574802
17,AMP,2.5,MC1061,0.08266666667,0.002185812841
17,AMP,2.5,MC-SCFP3A,0.07666666667,0.001855921454
17,AMP,2.5,VIP205,0.09066666667,0.005364492313
17,AMP,3,VIPdeltaRecA,0.795,0.007812535714
17,AMP,4,VIPdeltaRecA,0.787125,0.01688240578
17,AMP,5,MC1061,0.03733333333,0.001201850425
17,AMP,5,MC-SCFP3A,0.031,0.001527525232
17,AMP,5,VIPdeltaRecA,0.777875,0.01627271764
17,AMP,5,VIP205,0.07966666667,0.006666666667
17,Cd,0,MC1061,0.4956666667,0.005364492313
17,Cd,0,MC-SCFP3A,0.5833333333,0.05759726074
17,Cd,0,VIPdeltaRecA,0.7916666667,0.02482829927
17,Cd,0,VIP205,0.9376666667,0.01987740202
17,Cd,0.025,MC1061,0.4523333333,0.008875684637
17,Cd,0.025,MC-SCFP3A,0.4393333333,0.01020348524
17,Cd,0.025,VIP205,0.7713333333,0.02194184232
17,Cd,0.05,MC1061,0.2966666667,0.01975123062
17,Cd,0.05,MC-SCFP3A,0.2833333333,0.01637409879
17,Cd,0.05,VIPdeltaRecA,0.5555,0.01518222645
17,Cd,0.05,VIP205,0.525,0.002309401077
17,Cd,0.1,MC1061,0.4266666667,0.01634353423
17,Cd,0.1,MC-SCFP3A,0.2913333333,0.01647557114
17,Cd,0.1,VIPdeltaRecA,0.488125,0.004638493829
17,Cd,0.1,VIP205,0.3553333333,0.01489220527
17,Cd,0.15,MC1061,0.03533333333,0.002185812841
17,Cd,0.15,MC-SCFP3A,0.03933333333,0.001201850425
17,Cd,0.15,VIPdeltaRecA,0.414125,0.02612226575
17,Cd,0.15,VIP205,0.02333333333,0.002185812841
17,Cd,0.2,MC1061,0.016,0
17,Cd,0.2,MC-SCFP3A,0.03033333333,0.001452966315
17,Cd,0.2,VIPdeltaRecA,0.166,0.04488159024
17,Cd,0.2,VIP205,0.02233333333,0.00202758751
17,Cd,0.25,MC1061,0.018,0.001
17,Cd,0.25,MC-SCFP3A,0.01433333333,0.0003333333333
17,Cd,0.25,VIPdeltaRecA,0.066125,0.008403735351
17,Cd,0.25,VIP205,0.01966666667,0.0008819171037
17,Cd,0.3,VIPdeltaRecA,0.069,0.01368654188
17,Cd,0.35,VIPdeltaRecA,0.055875,0.002960679821
17,Cd,0.4,VIPdeltaRecA,0.0635,0.005126959556
17,Cd,0.45,MC1061,0.02066666667,0.001452966315
17,Cd,0.45,MC-SCFP3A,0.01966666667,0.0003333333333
17,Cd,0.45,VIPdeltaRecA,0.101,0.0270474891
17,Cd,0.45,VIP205,0.02,0.0005773502692
17.33333333,AMP,0,MC1061,0.4763333333,0.008252945602
17.33333333,AMP,0,MC-SCFP3A,0.4773333333,0.009386751894
17.33333333,AMP,0,VIPdeltaRecA,0.866,0.04623130253
17.33333333,AMP,0,VIP205,0.8016666667,0.02895014872
17.33333333,AMP,0.25,MC1061,0.233,0.006429100507
17.33333333,AMP,0.25,MC-SCFP3A,0.265,0.009539392014
17.33333333,AMP,0.25,VIP205,0.583,0.03404408906
17.33333333,AMP,0.5,MC1061,0.2136666667,0.0008819171037
17.33333333,AMP,0.5,MC-SCFP3A,0.2196666667,0.0008819171037
17.33333333,AMP,0.5,VIP205,0.343,0.01855622088
17.33333333,AMP,1,MC1061,0.1153333333,0.002333333333
17.33333333,AMP,1,MC-SCFP3A,0.1306666667,0.01172367026
17.33333333,AMP,1,VIPdeltaRecA,0.8,0.009172941575
17.33333333,AMP,1,VIP205,0.1846666667,0.01583596469
17.33333333,AMP,1.5,MC1061,0.09766666667,0.003282952601
17.33333333,AMP,1.5,MC-SCFP3A,0.09133333333,0.00375647589
17.33333333,AMP,1.5,VIP205,0.127,0.007
17.33333333,AMP,2,MC1061,0.088,0.004582575695
17.33333333,AMP,2,MC-SCFP3A,0.07766666667,0.005238744549
17.33333333,AMP,2,VIPdeltaRecA,0.8065,0.009763269359
17.33333333,AMP,2,VIP205,0.1023333333,0.006359594676
17.33333333,AMP,2.5,MC1061,0.08266666667,0.002185812841
17.33333333,AMP,2.5,MC-SCFP3A,0.07666666667,0.001855921454
17.33333333,AMP,2.5,VIP205,0.09066666667,0.005364492313
17.33333333,AMP,3,VIPdeltaRecA,0.79375,0.007565782936
17.33333333,AMP,4,VIPdeltaRecA,0.7865,0.01679710859
17.33333333,AMP,5,MC1061,0.03733333333,0.001201850425
17.33333333,AMP,5,MC-SCFP3A,0.03133333333,0.001763834207
17.33333333,AMP,5,VIPdeltaRecA,0.777,0.01626674961
17.33333333,AMP,5,VIP205,0.08066666667,0.007172478264
17.33333333,Cd,0,MC1061,0.4946666667,0.005897268671
17.33333333,Cd,0,MC-SCFP3A,0.5836666667,0.05750748744
17.33333333,Cd,0,VIPdeltaRecA,0.793,0.02400694344
17.33333333,Cd,0,VIP205,0.9376666667,0.02140353034
17.33333333,Cd,0.025,MC1061,0.451,0.008544003745
17.33333333,Cd,0.025,MC-SCFP3A,0.438,0.0100166528
17.33333333,Cd,0.025,VIP205,0.7746666667,0.02260039331
17.33333333,Cd,0.05,MC1061,0.2943333333,0.02062630467
17.33333333,Cd,0.05,MC-SCFP3A,0.2823333333,0.01629246588
17.33333333,Cd,0.05,VIPdeltaRecA,0.5545,0.01521864458
17.33333333,Cd,0.05,VIP205,0.5266666667,0.002603416559
17.33333333,Cd,0.1,MC1061,0.4276666667,0.01634353423
17.33333333,Cd,0.1,MC-SCFP3A,0.2923333333,0.01702286045
17.33333333,Cd,0.1,VIPdeltaRecA,0.489875,0.005279466626
17.33333333,Cd,0.1,VIP205,0.356,0.01513274595
17.33333333,Cd,0.15,MC1061,0.03533333333,0.002185812841
17.33333333,Cd,0.15,MC-SCFP3A,0.03933333333,0.001201850425
17.33333333,Cd,0.15,VIPdeltaRecA,0.41725,0.02516570086
17.33333333,Cd,0.15,VIP205,0.023,0.002081665999
17.33333333,Cd,0.2,MC1061,0.016,0
17.33333333,Cd,0.2,MC-SCFP3A,0.03033333333,0.001452966315
17.33333333,Cd,0.2,VIPdeltaRecA,0.16875,0.04541033158
17.33333333,Cd,0.2,VIP205,0.02233333333,0.00202758751
17.33333333,Cd,0.25,MC1061,0.018,0.001
17.33333333,Cd,0.25,MC-SCFP3A,0.01433333333,0.0003333333333
17.33333333,Cd,0.25,VIPdeltaRecA,0.0675,0.00894027804
17.33333333,Cd,0.25,VIP205,0.01966666667,0.0008819171037
17.33333333,Cd,0.3,VIPdeltaRecA,0.069875,0.01454480455
17.33333333,Cd,0.35,VIPdeltaRecA,0.055625,0.002975720201
17.33333333,Cd,0.4,VIPdeltaRecA,0.06325,0.005181526251
17.33333333,Cd,0.45,MC1061,0.02066666667,0.001452966315
17.33333333,Cd,0.45,MC-SCFP3A,0.01966666667,0.0003333333333
17.33333333,Cd,0.45,VIPdeltaRecA,0.1019375,0.02776740727
17.33333333,Cd,0.45,VIP205,0.02,0.0005773502692
17.66666667,AMP,0,MC1061,0.4766666667,0.009527737285
17.66666667,AMP,0,MC-SCFP3A,0.477,0.008386497084
17.66666667,AMP,0,VIPdeltaRecA,0.87,0.04529900661
17.66666667,AMP,0,VIP205,0.8023333333,0.02881164888
17.66666667,AMP,0.25,MC1061,0.233,0.006806859286
17.66666667,AMP,0.25,MC-SCFP3A,0.2666666667,0.008353309391
17.66666667,AMP,0.25,VIP205,0.586,0.03300505012
17.66666667,AMP,0.5,MC1061,0.2126666667,0.001452966315
17.66666667,AMP,0.5,MC-SCFP3A,0.2193333333,0.0006666666667
17.66666667,AMP,0.5,VIP205,0.3423333333,0.0184782154
17.66666667,AMP,1,MC1061,0.1143333333,0.002333333333
17.66666667,AMP,1,MC-SCFP3A,0.1343333333,0.01537675013
17.66666667,AMP,1,VIPdeltaRecA,0.798375,0.009246500303
17.66666667,AMP,1,VIP205,0.185,0.01563116545
17.66666667,AMP,1.5,MC1061,0.098,0.002516611478
17.66666667,AMP,1.5,MC-SCFP3A,0.09166666667,0.002728450924
17.66666667,AMP,1.5,VIP205,0.127,0.007
17.66666667,AMP,2,MC1061,0.08766666667,0.004371625683
17.66666667,AMP,2,MC-SCFP3A,0.07766666667,0.005238744549
17.66666667,AMP,2,VIPdeltaRecA,0.80675,0.01049276962
17.66666667,AMP,2,VIP205,0.1026666667,0.006641619615
17.66666667,AMP,2.5,MC1061,0.082,0.002516611478
17.66666667,AMP,2.5,MC-SCFP3A,0.07633333333,0.002185812841
17.66666667,AMP,2.5,VIP205,0.092,0.005507570547
17.66666667,AMP,3,VIPdeltaRecA,0.792625,0.007643712402
17.66666667,AMP,4,VIPdeltaRecA,0.78625,0.01699973739
17.66666667,AMP,5,MC1061,0.03733333333,0.001201850425
17.66666667,AMP,5,MC-SCFP3A,0.03133333333,0.001763834207
17.66666667,AMP,5,VIPdeltaRecA,0.776125,0.01644627346
17.66666667,AMP,5,VIP205,0.08066666667,0.007666666667
17.66666667,Cd,0,MC1061,0.4933333333,0.005696002497
17.66666667,Cd,0,MC-SCFP3A,0.5836666667,0.0586211945
17.66666667,Cd,0,VIPdeltaRecA,0.791,0.02454248018
17.66666667,Cd,0,VIP205,0.939,0.02205296654
17.66666667,Cd,0.025,MC1061,0.4493333333,0.008353309391
17.66666667,Cd,0.025,MC-SCFP3A,0.4366666667,0.009837569709
17.66666667,Cd,0.025,VIP205,0.778,0.02335237318
17.66666667,Cd,0.05,MC1061,0.293,0.02138535324
17.66666667,Cd,0.05,MC-SCFP3A,0.282,0.016563011
17.66666667,Cd,0.05,VIPdeltaRecA,0.55325,0.01551583293
17.66666667,Cd,0.05,VIP205,0.529,0.003214550254
17.66666667,Cd,0.1,MC1061,0.4286666667,0.01634353423
17.66666667,Cd,0.1,MC-SCFP3A,0.2936666667,0.01724657776
17.66666667,Cd,0.1,VIPdeltaRecA,0.490625,0.005171824422
17.66666667,Cd,0.1,VIP205,0.3563333333,0.01489220527
17.66666667,Cd,0.15,MC1061,0.035,0.002081665999
17.66666667,Cd,0.15,MC-SCFP3A,0.03933333333,0.001201850425
17.66666667,Cd,0.15,VIPdeltaRecA,0.419125,0.02479374741
17.66666667,Cd,0.15,VIP205,0.023,0.002081665999
17.66666667,Cd,0.2,MC1061,0.016,0
17.66666667,Cd,0.2,MC-SCFP3A,0.03033333333,0.001452966315
17.66666667,Cd,0.2,VIPdeltaRecA,0.173375,0.04711495725
17.66666667,Cd,0.2,VIP205,0.02233333333,0.00202758751
17.66666667,Cd,0.25,MC1061,0.018,0.001
17.66666667,Cd,0.25,MC-SCFP3A,0.01433333333,0.0003333333333
17.66666667,Cd,0.25,VIPdeltaRecA,0.0695,0.009602826965
17.66666667,Cd,0.25,VIP205,0.01966666667,0.0008819171037
17.66666667,Cd,0.3,VIPdeltaRecA,0.070375,0.01490438274
17.66666667,Cd,0.35,VIPdeltaRecA,0.055625,0.00293341281
17.66666667,Cd,0.4,VIPdeltaRecA,0.06325,0.005143477145
17.66666667,Cd,0.45,MC1061,0.02066666667,0.001452966315
17.66666667,Cd,0.45,MC-SCFP3A,0.01966666667,0.0003333333333
17.66666667,Cd,0.45,VIPdeltaRecA,0.1030625,0.02849889892
17.66666667,Cd,0.45,VIP205,0.02,0.0005773502692
18,AMP,0,MC1061,0.477,0.0112398102
18,AMP,0,MC-SCFP3A,0.4763333333,0.008987645842
18,AMP,0,VIPdeltaRecA,0.8736666667,0.04451716273
18,AMP,0,VIP205,0.8036666667,0.02854431253
18,AMP,0.25,MC1061,0.2323333333,0.006489307445
18,AMP,0.25,MC-SCFP3A,0.267,0.007023769169
18,AMP,0.25,VIP205,0.586,0.03160696126
18,AMP,0.5,MC1061,0.2106666667,0.001452966315
18,AMP,0.5,MC-SCFP3A,0.2183333333,0.0006666666667
18,AMP,0.5,VIP205,0.3426666667,0.01835150614
18,AMP,1,MC1061,0.1133333333,0.002333333333
18,AMP,1,MC-SCFP3A,0.138,0.0195192213
18,AMP,1,VIPdeltaRecA,0.795875,0.009038484189
18,AMP,1,VIP205,0.185,0.01563116545
18,AMP,1.5,MC1061,0.099,0.002516611478
18,AMP,1.5,MC-SCFP3A,0.09266666667,0.002333333333
18,AMP,1.5,VIP205,0.1273333333,0.006666666667
18,AMP,2,MC1061,0.08733333333,0.004176654695
18,AMP,2,MC-SCFP3A,0.07766666667,0.005238744549
18,AMP,2,VIPdeltaRecA,0.8055,0.01049319507
18,AMP,2,VIP205,0.103,0.006658328118
18,AMP,2.5,MC1061,0.08166666667,0.002185812841
18,AMP,2.5,MC-SCFP3A,0.076,0.002
18,AMP,2.5,VIP205,0.09266666667,0.005840471823
18,AMP,3,VIPdeltaRecA,0.791375,0.007608588897
18,AMP,4,VIPdeltaRecA,0.78575,0.01706787919
18,AMP,5,MC1061,0.03733333333,0.001201850425
18,AMP,5,MC-SCFP3A,0.03133333333,0.001763834207
18,AMP,5,VIPdeltaRecA,0.775375,0.01646200984
18,AMP,5,VIP205,0.081,0.007505553499
18,Cd,0,MC1061,0.4926666667,0.005840471823
18,Cd,0,MC-SCFP3A,0.5826666667,0.05903200638
18,Cd,0,VIPdeltaRecA,0.7896666667,0.02430592063
18,Cd,0,VIP205,0.9393333333,0.02380709511
18,Cd,0.025,MC1061,0.4483333333,0.007838650678
18,Cd,0.025,MC-SCFP3A,0.4356666667,0.009351173426
18,Cd,0.025,VIP205,0.7803333333,0.0245515331
18,Cd,0.05,MC1061,0.2906666667,0.02171277146
18,Cd,0.05,MC-SCFP3A,0.281,0.01604161255
18,Cd,0.05,VIPdeltaRecA,0.5545,0.01567641541
18,Cd,0.05,VIP205,0.5313333333,0.003282952601
18,Cd,0.1,MC1061,0.4296666667,0.01634353423
18,Cd,0.1,MC-SCFP3A,0.2946666667,0.0177982521
18,Cd,0.1,VIPdeltaRecA,0.49275,0.005712611362
18,Cd,0.1,VIP205,0.357,0.01497776129
18,Cd,0.15,MC1061,0.03466666667,0.001855921454
18,Cd,0.15,MC-SCFP3A,0.03933333333,0.001201850425
18,Cd,0.15,VIPdeltaRecA,0.421375,0.02494203101
18,Cd,0.15,VIP205,0.02333333333,0.002185812841
18,Cd,0.2,MC1061,0.016,0
18,Cd,0.2,MC-SCFP3A,0.03033333333,0.001452966315
18,Cd,0.2,VIPdeltaRecA,0.174125,0.04697736442
18,Cd,0.2,VIP205,0.02233333333,0.00202758751
18,Cd,0.25,MC1061,0.018,0.001
18,Cd,0.25,MC-SCFP3A,0.01433333333,0.0003333333333
18,Cd,0.25,VIPdeltaRecA,0.0715,0.01038542935
18,Cd,0.25,VIP205,0.01966666667,0.0008819171037
18,Cd,0.3,VIPdeltaRecA,0.07175,0.01556294822
18,Cd,0.35,VIPdeltaRecA,0.056,0.002939873661
18,Cd,0.4,VIPdeltaRecA,0.063625,0.005168370495
18,Cd,0.45,MC1061,0.02066666667,0.001452966315
18,Cd,0.45,MC-SCFP3A,0.01933333333,0.0003333333333
18,Cd,0.45,VIPdeltaRecA,0.1044375,0.0292265531
18,Cd,0.45,VIP205,0.02,0.0005773502692
18.33333333,AMP,0,MC1061,0.4776666667,0.01287547194
18.33333333,AMP,0,MC-SCFP3A,0.4756666667,0.008647414514
18.33333333,AMP,0,VIPdeltaRecA,0.878,0.04371498599
18.33333333,AMP,0,VIP205,0.804,0.02874601422
18.33333333,AMP,0.25,MC1061,0.232,0.007
18.33333333,AMP,0.25,MC-SCFP3A,0.2673333333,0.006173419726
18.33333333,AMP,0.25,VIP205,0.5873333333,0.03075350025
18.33333333,AMP,0.5,MC1061,0.2086666667,0.001452966315
18.33333333,AMP,0.5,MC-SCFP3A,0.217,0.0005773502692
18.33333333,AMP,0.5,VIP205,0.342,0.0187705443
18.33333333,AMP,1,MC1061,0.1133333333,0.002185812841
18.33333333,AMP,1,MC-SCFP3A,0.1426666667,0.02518156292
18.33333333,AMP,1,VIPdeltaRecA,0.79475,0.009054892127
18.33333333,AMP,1,VIP205,0.1846666667,0.01523519318
18.33333333,AMP,1.5,MC1061,0.099,0.002645751311
18.33333333,AMP,1.5,MC-SCFP3A,0.09433333333,0.003179797338
18.33333333,AMP,1.5,VIP205,0.1276666667,0.006333333333
18.33333333,AMP,2,MC1061,0.087,0.004041451884
18.33333333,AMP,2,MC-SCFP3A,0.078,0.004932882862
18.33333333,AMP,2,VIPdeltaRecA,0.803375,0.01055755907
18.33333333,AMP,2,VIP205,0.1023333333,0.006359594676
18.33333333,AMP,2.5,MC1061,0.08166666667,0.001763834207
18.33333333,AMP,2.5,MC-SCFP3A,0.07566666667,0.001855921454
18.33333333,AMP,2.5,VIP205,0.09233333333,0.006227180564
18.33333333,AMP,3,VIPdeltaRecA,0.79025,0.007183189701
18.33333333,AMP,4,VIPdeltaRecA,0.784375,0.01713698746
18.33333333,AMP,5,MC1061,0.03766666667,0.0008819171037
18.33333333,AMP,5,MC-SCFP3A,0.03133333333,0.001763834207
18.33333333,AMP,5,VIPdeltaRecA,0.77525,0.01660115099
18.33333333,AMP,5,VIP205,0.08133333333,0.007333333333
18.33333333,Cd,0,MC1061,0.4916666667,0.005840471823
18.33333333,Cd,0,MC-SCFP3A,0.5823333333,0.06023380372
18.33333333,Cd,0,VIPdeltaRecA,0.7893333333,0.02447674633
18.33333333,Cd,0,VIP205,0.9396666667,0.02514844815
18.33333333,Cd,0.025,MC1061,0.447,0.007505553499
18.33333333,Cd,0.025,MC-SCFP3A,0.4343333333,0.009171210995
18.33333333,Cd,0.025,VIP205,0.7826666667,0.02476781065
18.33333333,Cd,0.05,MC1061,0.2886666667,0.02269605937
18.33333333,Cd,0.05,MC-SCFP3A,0.28,0.01650252506
18.33333333,Cd,0.05,VIPdeltaRecA,0.554375,0.01556545798
18.33333333,Cd,0.05,VIP205,0.5333333333,0.003711842909
18.33333333,Cd,0.1,MC1061,0.4303333333,0.01667666367
18.33333333,Cd,0.1,MC-SCFP3A,0.2946666667,0.0177982521
18.33333333,Cd,0.1,VIPdeltaRecA,0.494,0.0054902511
18.33333333,Cd,0.1,VIP205,0.3573333333,0.01530068989
18.33333333,Cd,0.15,MC1061,0.03466666667,0.001855921454
18.33333333,Cd,0.15,MC-SCFP3A,0.039,0.001527525232
18.33333333,Cd,0.15,VIPdeltaRecA,0.424125,0.02475266039
18.33333333,Cd,0.15,VIP205,0.023,0.002516611478
18.33333333,Cd,0.2,MC1061,0.016,0
18.33333333,Cd,0.2,MC-SCFP3A,0.03033333333,0.001452966315
18.33333333,Cd,0.2,VIPdeltaRecA,0.177375,0.04808917962
18.33333333,Cd,0.2,VIP205,0.02233333333,0.00202758751
18.33333333,Cd,0.25,MC1061,0.018,0.001
18.33333333,Cd,0.25,MC-SCFP3A,0.01433333333,0.0003333333333
18.33333333,Cd,0.25,VIPdeltaRecA,0.0735,0.0111098412
18.33333333,Cd,0.25,VIP205,0.01966666667,0.0008819171037
18.33333333,Cd,0.3,VIPdeltaRecA,0.07275,0.01641944622
18.33333333,Cd,0.35,VIPdeltaRecA,0.05625,0.002956530302
18.33333333,Cd,0.4,VIPdeltaRecA,0.064125,0.005259133212
18.33333333,Cd,0.45,MC1061,0.02033333333,0.001201850425
18.33333333,Cd,0.45,MC-SCFP3A,0.01933333333,0.0003333333333
18.33333333,Cd,0.45,VIPdeltaRecA,0.10525,0.02947209132
18.33333333,Cd,0.45,VIP205,0.02,0.0005773502692
18.66666667,AMP,0,MC1061,0.4776666667,0.0144029318
18.66666667,AMP,0,MC-SCFP3A,0.4746666667,0.009404490653
18.66666667,AMP,0,VIPdeltaRecA,0.8806666667,0.04205683985
18.66666667,AMP,0,VIP205,0.8053333333,0.02849756325
18.66666667,AMP,0.25,MC1061,0.2313333333,0.00705533683
18.66666667,AMP,0.25,MC-SCFP3A,0.2673333333,0.005696002497
18.66666667,AMP,0.25,VIP205,0.589,0.02956912804
18.66666667,AMP,0.5,MC1061,0.2066666667,0.001452966315
18.66666667,AMP,0.5,MC-SCFP3A,0.2153333333,0.0006666666667
18.66666667,AMP,0.5,VIP205,0.3426666667,0.01844210159
18.66666667,AMP,1,MC1061,0.1126666667,0.00240370085
18.66666667,AMP,1,MC-SCFP3A,0.1476666667,0.03016804785
18.66666667,AMP,1,VIPdeltaRecA,0.792625,0.008843757887
18.66666667,AMP,1,VIP205,0.185,0.01509966887
18.66666667,AMP,1.5,MC1061,0.09966666667,0.003382963855
18.66666667,AMP,1.5,MC-SCFP3A,0.09566666667,0.004630814663
18.66666667,AMP,1.5,VIP205,0.128,0.006
18.66666667,AMP,2,MC1061,0.08633333333,0.004176654695
18.66666667,AMP,2,MC-SCFP3A,0.07766666667,0.00375647589
18.66666667,AMP,2,VIPdeltaRecA,0.80275,0.01090993977
18.66666667,AMP,2,VIP205,0.1016666667,0.006641619615
18.66666667,AMP,2.5,MC1061,0.081,0.002
18.66666667,AMP,2.5,MC-SCFP3A,0.07566666667,0.001855921454
18.66666667,AMP,2.5,VIP205,0.09233333333,0.006227180564
18.66666667,AMP,3,VIPdeltaRecA,0.7885,0.007221001118
18.66666667,AMP,4,VIPdeltaRecA,0.78325,0.01716178271
18.66666667,AMP,5,MC1061,0.03766666667,0.0008819171037
18.66666667,AMP,5,MC-SCFP3A,0.03133333333,0.001763834207
18.66666667,AMP,5,VIPdeltaRecA,0.774625,0.01676511844
18.66666667,AMP,5,VIP205,0.08133333333,0.007333333333
18.66666667,Cd,0,MC1061,0.4903333333,0.006173419726
18.66666667,Cd,0,MC-SCFP3A,0.581,0.06046762219
18.66666667,Cd,0,VIPdeltaRecA,0.789,0.02589079631
18.66666667,Cd,0,VIP205,0.9433333333,0.02394670007
18.66666667,Cd,0.025,MC1061,0.446,0.007
18.66666667,Cd,0.025,MC-SCFP3A,0.4333333333,0.008666666667
18.66666667,Cd,0.025,VIP205,0.7846666667,0.02575094389
18.66666667,Cd,0.05,MC1061,0.287,0.02335237318
18.66666667,Cd,0.05,MC-SCFP3A,0.2793333333,0.01616924378
18.66666667,Cd,0.05,VIPdeltaRecA,0.553,0.0155529051
18.66666667,Cd,0.05,VIP205,0.5353333333,0.004176654695
18.66666667,Cd,0.1,MC1061,0.4313333333,0.01618984593
18.66666667,Cd,0.1,MC-SCFP3A,0.295,0.01802775638
18.66666667,Cd,0.1,VIPdeltaRecA,0.4945,0.00541492646
18.66666667,Cd,0.1,VIP205,0.3576666667,0.01507020607
18.66666667,Cd,0.15,MC1061,0.03433333333,0.002185812841
18.66666667,Cd,0.15,MC-SCFP3A,0.039,0.001527525232
18.66666667,Cd,0.15,VIPdeltaRecA,0.4265,0.02479415254
18.66666667,Cd,0.15,VIP205,0.02266666667,0.00240370085
18.66666667,Cd,0.2,MC1061,0.01566666667,0.0003333333333
18.66666667,Cd,0.2,MC-SCFP3A,0.03,0.001527525232
18.66666667,Cd,0.2,VIPdeltaRecA,0.17725,0.04768975257
18.66666667,Cd,0.2,VIP205,0.02233333333,0.00202758751
18.66666667,Cd,0.25,MC1061,0.01766666667,0.0006666666667
18.66666667,Cd,0.25,MC-SCFP3A,0.01433333333,0.0003333333333
18.66666667,Cd,0.25,VIPdeltaRecA,0.0755,0.01194331851
18.66666667,Cd,0.25,VIP205,0.01966666667,0.0008819171037
18.66666667,Cd,0.3,VIPdeltaRecA,0.07375,0.0174035608
18.66666667,Cd,0.35,VIPdeltaRecA,0.056,0.002939873661
18.66666667,Cd,0.4,VIPdeltaRecA,0.06375,0.00512260397
18.66666667,Cd,0.45,MC1061,0.02,0.001527525232
18.66666667,Cd,0.45,MC-SCFP3A,0.01933333333,0.0003333333333
18.66666667,Cd,0.45,VIPdeltaRecA,0.1053125,0.02960415494
18.66666667,Cd,0.45,VIP205,0.02,0.0005773502692
19,AMP,0,MC1061,0.4776666667,0.01538758518
19,AMP,0,MC-SCFP3A,0.474,0.009018499506
19,AMP,0,VIPdeltaRecA,0.8843333333,0.04046534869
19,AMP,0,VIP205,0.8063333333,0.02859098537
19,AMP,0.25,MC1061,0.2303333333,0.00705533683
19,AMP,0.25,MC-SCFP3A,0.2666666667,0.005364492313
19,AMP,0.25,VIP205,0.5903333333,0.02875953948
19,AMP,0.5,MC1061,0.205,0.001
19,AMP,0.5,MC-SCFP3A,0.2146666667,0.0008819171037
19,AMP,0.5,VIP205,0.343,0.01789785834
19,AMP,1,MC1061,0.112,0.002
19,AMP,1,MC-SCFP3A,0.1523333333,0.03584379692
19,AMP,1,VIPdeltaRecA,0.7905,0.008938280435
19,AMP,1,VIP205,0.1843333333,0.0149033926
19,AMP,1.5,MC1061,0.1016666667,0.005487359211
19,AMP,1.5,MC-SCFP3A,0.09766666667,0.00705533683
19,AMP,1.5,VIP205,0.1283333333,0.005666666667
19,AMP,2,MC1061,0.08566666667,0.003844187532
19,AMP,2,MC-SCFP3A,0.07866666667,0.002905932629
19,AMP,2,VIPdeltaRecA,0.801625,0.01112259203
19,AMP,2,VIP205,0.1023333333,0.006359594676
19,AMP,2.5,MC1061,0.08066666667,0.001666666667
19,AMP,2.5,MC-SCFP3A,0.07566666667,0.001855921454
19,AMP,2.5,VIP205,0.093,0.006557438524
19,AMP,3,VIPdeltaRecA,0.78625,0.007508923263
19,AMP,4,VIPdeltaRecA,0.78275,0.01715866087
19,AMP,5,MC1061,0.03766666667,0.0008819171037
19,AMP,5,MC-SCFP3A,0.03133333333,0.001763834207
19,AMP,5,VIPdeltaRecA,0.772375,0.01668290132
19,AMP,5,VIP205,0.08133333333,0.007838650678
19,Cd,0,MC1061,0.4896666667,0.005840471823
19,Cd,0,MC-SCFP3A,0.582,0.06087966272
19,Cd,0,VIPdeltaRecA,0.7856666667,0.02526086125
19,Cd,0,VIP205,0.9433333333,0.02602776296
19,Cd,0.025,MC1061,0.445,0.007
19,Cd,0.025,MC-SCFP3A,0.4323333333,0.008171767115
19,Cd,0.025,VIP205,0.7873333333,0.02662288072
19,Cd,0.05,MC1061,0.285,0.023797759
19,Cd,0.05,MC-SCFP3A,0.2793333333,0.01618984593
19,Cd,0.05,VIPdeltaRecA,0.553125,0.01511909566
19,Cd,0.05,VIP205,0.538,0.004509249753
19,Cd,0.1,MC1061,0.432,0.01601041328
19,Cd,0.1,MC-SCFP3A,0.2953333333,0.01826046123
19,Cd,0.1,VIPdeltaRecA,0.49375,0.006040784008
19,Cd,0.1,VIP205,0.3583333333,0.01530068989
19,Cd,0.15,MC1061,0.03433333333,0.002185812841
19,Cd,0.15,MC-SCFP3A,0.039,0.001527525232
19,Cd,0.15,VIPdeltaRecA,0.42825,0.0245515129
19,Cd,0.15,VIP205,0.023,0.002516611478
19,Cd,0.2,MC1061,0.01566666667,0.0003333333333
19,Cd,0.2,MC-SCFP3A,0.03,0.001527525232
19,Cd,0.2,VIPdeltaRecA,0.178625,0.04815708578
19,Cd,0.2,VIP205,0.02233333333,0.00202758751
19,Cd,0.25,MC1061,0.01766666667,0.0006666666667
19,Cd,0.25,MC-SCFP3A,0.01433333333,0.0003333333333
19,Cd,0.25,VIPdeltaRecA,0.0775,0.01269279886
19,Cd,0.25,VIP205,0.01966666667,0.0008819171037
19,Cd,0.3,VIPdeltaRecA,0.07475,0.01853543903
19,Cd,0.35,VIPdeltaRecA,0.056125,0.002924267308
19,Cd,0.4,VIPdeltaRecA,0.063875,0.005190779944
19,Cd,0.45,MC1061,0.02,0.001527525232
19,Cd,0.45,MC-SCFP3A,0.01933333333,0.0003333333333
19,Cd,0.45,VIPdeltaRecA,0.1054375,0.02973577654
19,Cd,0.45,VIP205,0.02,0.0005773502692
19.33333333,AMP,0,MC1061,0.477,0.01670329309
19.33333333,AMP,0,MC-SCFP3A,0.473,0.0112398102
19.33333333,AMP,0,VIPdeltaRecA,0.888,0.03927255191
19.33333333,AMP,0,VIP205,0.8073333333,0.02859098537
19.33333333,AMP,0.25,MC1061,0.2296666667,0.007310570733
19.33333333,AMP,0.25,MC-SCFP3A,0.266,0.005
19.33333333,AMP,0.25,VIP205,0.5906666667,0.02695881633
19.33333333,AMP,0.5,MC1061,0.202,0.001
19.33333333,AMP,0.5,MC-SCFP3A,0.213,0.0005773502692
19.33333333,AMP,0.5,VIP205,0.3426666667,0.0177043623
19.33333333,AMP,1,MC1061,0.1113333333,0.001666666667
19.33333333,AMP,1,MC-SCFP3A,0.1563333333,0.04033746535
19.33333333,AMP,1,VIPdeltaRecA,0.789,0.008823669467
19.33333333,AMP,1,VIP205,0.1846666667,0.01471205099
19.33333333,AMP,1.5,MC1061,0.1033333333,0.007881060278
19.33333333,AMP,1.5,MC-SCFP3A,0.1,0.009712534856
19.33333333,AMP,1.5,VIP205,0.129,0.005
19.33333333,AMP,2,MC1061,0.085,0.003511884584
19.33333333,AMP,2,MC-SCFP3A,0.07933333333,0.001855921454
19.33333333,AMP,2,VIPdeltaRecA,0.800125,0.01107190379
19.33333333,AMP,2,VIP205,0.1016666667,0.006641619615
19.33333333,AMP,2.5,MC1061,0.07966666667,0.001666666667
19.33333333,AMP,2.5,MC-SCFP3A,0.075,0.002
19.33333333,AMP,2.5,VIP205,0.09166666667,0.005840471823
19.33333333,AMP,3,VIPdeltaRecA,0.784875,0.00764955064
19.33333333,AMP,4,VIPdeltaRecA,0.7815,0.01698318496
19.33333333,AMP,5,MC1061,0.03766666667,0.0008819171037
19.33333333,AMP,5,MC-SCFP3A,0.03133333333,0.001763834207
19.33333333,AMP,5,VIPdeltaRecA,0.77175,0.01681915362
19.33333333,AMP,5,VIP205,0.08033333333,0.007838650678
19.33333333,Cd,0,MC1061,0.488,0.006506407099
19.33333333,Cd,0,MC-SCFP3A,0.5813333333,0.06175849019
19.33333333,Cd,0,VIPdeltaRecA,0.7863333333,0.02575741533
19.33333333,Cd,0,VIP205,0.9433333333,0.02658529251
19.33333333,Cd,0.025,MC1061,0.444,0.006506407099
19.33333333,Cd,0.025,MC-SCFP3A,0.431,0.007505553499
19.33333333,Cd,0.025,VIP205,0.789,0.02695057204
19.33333333,Cd,0.05,MC1061,0.283,0.02433789912
19.33333333,Cd,0.05,MC-SCFP3A,0.278,0.016563011
19.33333333,Cd,0.05,VIPdeltaRecA,0.552875,0.01549935194
19.33333333,Cd,0.05,VIP205,0.54,0.005
19.33333333,Cd,0.1,MC1061,0.432,0.01601041328
19.33333333,Cd,0.1,MC-SCFP3A,0.2956666667,0.01835150614
19.33333333,Cd,0.1,VIPdeltaRecA,0.494625,0.004913311002
19.33333333,Cd,0.1,VIP205,0.3583333333,0.01571976816
19.33333333,Cd,0.15,MC1061,0.034,0.002081665999
19.33333333,Cd,0.15,MC-SCFP3A,0.039,0.001527525232
19.33333333,Cd,0.15,VIPdeltaRecA,0.429625,0.02426118115
19.33333333,Cd,0.15,VIP205,0.023,0.002516611478
19.33333333,Cd,0.2,MC1061,0.01566666667,0.0003333333333
19.33333333,Cd,0.2,MC-SCFP3A,0.03,0.001527525232
19.33333333,Cd,0.2,VIPdeltaRecA,0.180125,0.04850089745
19.33333333,Cd,0.2,VIP205,0.022,0.002081665999
19.33333333,Cd,0.25,MC1061,0.01766666667,0.0006666666667
19.33333333,Cd,0.25,MC-SCFP3A,0.01433333333,0.0003333333333
19.33333333,Cd,0.25,VIPdeltaRecA,0.07925,0.01336940804
19.33333333,Cd,0.25,VIP205,0.01933333333,0.0008819171037
19.33333333,Cd,0.3,VIPdeltaRecA,0.075625,0.01925944805
19.33333333,Cd,0.35,VIPdeltaRecA,0.056,0.002939873661
19.33333333,Cd,0.4,VIPdeltaRecA,0.063625,0.005126741864
19.33333333,Cd,0.45,MC1061,0.02,0.001527525232
19.33333333,Cd,0.45,MC-SCFP3A,0.01933333333,0.0003333333333
19.33333333,Cd,0.45,VIPdeltaRecA,0.105375,0.02955910393
19.33333333,Cd,0.45,VIP205,0.02,0.0005773502692
19.66666667,AMP,0,MC1061,0.4773333333,0.01748650273
19.66666667,AMP,0,MC-SCFP3A,0.4736666667,0.01128912948
19.66666667,AMP,0,VIPdeltaRecA,0.8903333333,0.03841151448
19.66666667,AMP,0,VIP205,0.8076666667,0.0283686055
19.66666667,AMP,0.25,MC1061,0.2293333333,0.007623064417
19.66666667,AMP,0.25,MC-SCFP3A,0.2663333333,0.004176654695
19.66666667,AMP,0.25,VIP205,0.5943333333,0.02629533123
19.66666667,AMP,0.5,MC1061,0.201,0.001
19.66666667,AMP,0.5,MC-SCFP3A,0.2126666667,0.0008819171037
19.66666667,AMP,0.5,VIP205,0.343,0.01817507451
19.66666667,AMP,1,MC1061,0.1116666667,0.001855921454
19.66666667,AMP,1,MC-SCFP3A,0.1596666667,0.04467039785
19.66666667,AMP,1,VIPdeltaRecA,0.7865,0.008691128482
19.66666667,AMP,1,VIP205,0.1843333333,0.0149033926
19.66666667,AMP,1.5,MC1061,0.106,0.01081665383
19.66666667,AMP,1.5,MC-SCFP3A,0.1026666667,0.01287547194
19.66666667,AMP,1.5,VIP205,0.1303333333,0.003666666667
19.66666667,AMP,2,MC1061,0.084,0.003511884584
19.66666667,AMP,2,MC-SCFP3A,0.08166666667,0.001855921454
19.66666667,AMP,2,VIPdeltaRecA,0.797875,0.01095027315
19.66666667,AMP,2,VIP205,0.1016666667,0.006641619615
19.66666667,AMP,2.5,MC1061,0.07933333333,0.001855921454
19.66666667,AMP,2.5,MC-SCFP3A,0.07433333333,0.002185812841
19.66666667,AMP,2.5,VIP205,0.09166666667,0.005840471823
19.66666667,AMP,3,VIPdeltaRecA,0.783375,0.00744728498
19.66666667,AMP,4,VIPdeltaRecA,0.781,0.01716308331
19.66666667,AMP,5,MC1061,0.03766666667,0.0008819171037
19.66666667,AMP,5,MC-SCFP3A,0.031,0.002081665999
19.66666667,AMP,5,VIPdeltaRecA,0.770875,0.01668450682
19.66666667,AMP,5,VIP205,0.08066666667,0.007666666667
19.66666667,Cd,0,MC1061,0.4863333333,0.006691619967
19.66666667,Cd,0,MC-SCFP3A,0.5806666667,0.06263740452
19.66666667,Cd,0,VIPdeltaRecA,0.784,0.02663331247
19.66666667,Cd,0,VIP205,0.9446666667,0.02738207037
19.66666667,Cd,0.025,MC1061,0.442,0.005507570547
19.66666667,Cd,0.025,MC-SCFP3A,0.43,0.006557438524
19.66666667,Cd,0.025,VIP205,0.7906666667,0.02772083052
19.66666667,Cd,0.05,MC1061,0.2813333333,0.02499555516
19.66666667,Cd,0.05,MC-SCFP3A,0.2776666667,0.01649579071
19.66666667,Cd,0.05,VIPdeltaRecA,0.5525,0.0152092547
19.66666667,Cd,0.05,VIP205,0.5416666667,0.005333333333
19.66666667,Cd,0.1,MC1061,0.4323333333,0.01567730136
19.66666667,Cd,0.1,MC-SCFP3A,0.2953333333,0.01826046123
19.66666667,Cd,0.1,VIPdeltaRecA,0.496625,0.005311502007
19.66666667,Cd,0.1,VIP205,0.3593333333,0.01627199366
19.66666667,Cd,0.15,MC1061,0.034,0.002081665999
19.66666667,Cd,0.15,MC-SCFP3A,0.039,0.001527525232
19.66666667,Cd,0.15,VIPdeltaRecA,0.432125,0.02430640531
19.66666667,Cd,0.15,VIP205,0.023,0.002516611478
19.66666667,Cd,0.2,MC1061,0.01566666667,0.0003333333333
19.66666667,Cd,0.2,MC-SCFP3A,0.03,0.001527525232
19.66666667,Cd,0.2,VIPdeltaRecA,0.182625,0.04938693346
19.66666667,Cd,0.2,VIP205,0.022,0.002081665999
19.66666667,Cd,0.25,MC1061,0.01766666667,0.0006666666667
19.66666667,Cd,0.25,MC-SCFP3A,0.01433333333,0.0003333333333
19.66666667,Cd,0.25,VIPdeltaRecA,0.080625,0.01379821093
19.66666667,Cd,0.25,VIP205,0.01966666667,0.001201850425
19.66666667,Cd,0.3,VIPdeltaRecA,0.07625,0.02017224933
19.66666667,Cd,0.35,VIPdeltaRecA,0.056,0.002927700219
19.66666667,Cd,0.4,VIPdeltaRecA,0.063625,0.005102301651
19.66666667,Cd,0.45,MC1061,0.02,0.001527525232
19.66666667,Cd,0.45,MC-SCFP3A,0.01933333333,0.0003333333333
19.66666667,Cd,0.45,VIPdeltaRecA,0.106,0.02992100711
19.66666667,Cd,0.45,VIP205,0.02,0.0005773502692
20,AMP,0,MC1061,0.4766666667,0.01835150614
20,AMP,0,MC-SCFP3A,0.473,0.01285820101
20,AMP,0,VIPdeltaRecA,0.8933333333,0.0370330183
20,AMP,0,VIP205,0.809,0.02816025568
20,AMP,0.25,MC1061,0.2286666667,0.007310570733
20,AMP,0.25,MC-SCFP3A,0.2653333333,0.004176654695
20,AMP,0.25,VIP205,0.5953333333,0.02530041721
20,AMP,0.5,MC1061,0.1983333333,0.0008819171037
20,AMP,0.5,MC-SCFP3A,0.211,0.0005773502692
20,AMP,0.5,VIP205,0.3433333333,0.01809542606
20,AMP,1,MC1061,0.1116666667,0.001855921454
20,AMP,1,MC-SCFP3A,0.1636666667,0.0486700912
20,AMP,1,VIPdeltaRecA,0.78325,0.008725475836
20,AMP,1,VIP205,0.1843333333,0.01437976974
20,AMP,1.5,MC1061,0.109,0.01473091986
20,AMP,1.5,MC-SCFP3A,0.1053333333,0.0160450754
20,AMP,1.5,VIP205,0.1316666667,0.002848001248
20,AMP,2,MC1061,0.08366666667,0.003333333333
20,AMP,2,MC-SCFP3A,0.084,0.003785938897
20,AMP,2,VIPdeltaRecA,0.797625,0.01188627284
20,AMP,2,VIP205,0.1016666667,0.006641619615
20,AMP,2.5,MC1061,0.07933333333,0.001855921454
20,AMP,2.5,MC-SCFP3A,0.07433333333,0.002185812841
20,AMP,2.5,VIP205,0.09166666667,0.005840471823
20,AMP,3,VIPdeltaRecA,0.7815,0.007571091637
20,AMP,4,VIPdeltaRecA,0.78,0.01712454379
20,AMP,5,MC1061,0.03766666667,0.0008819171037
20,AMP,5,MC-SCFP3A,0.031,0.002081665999
20,AMP,5,VIPdeltaRecA,0.77,0.01668617905
20,AMP,5,VIP205,0.08,0.007505553499
20,Cd,0,MC1061,0.4856666667,0.006359594676
20,Cd,0,MC-SCFP3A,0.581,0.06296030495
20,Cd,0,VIPdeltaRecA,0.7843333333,0.02643440519
20,Cd,0,VIP205,0.9463333333,0.02826265695
20,Cd,0.025,MC1061,0.4413333333,0.005364492313
20,Cd,0.025,MC-SCFP3A,0.4296666667,0.005897268671
20,Cd,0.025,VIP205,0.7933333333,0.02859098537
20,Cd,0.05,MC1061,0.2793333333,0.02544492964
20,Cd,0.05,MC-SCFP3A,0.2773333333,0.01647557114
20,Cd,0.05,VIPdeltaRecA,0.553,0.01484322837
20,Cd,0.05,VIP205,0.544,0.006
20,Cd,0.1,MC1061,0.4326666667,0.01534419905
20,Cd,0.1,MC-SCFP3A,0.296,0.01858314649
20,Cd,0.1,VIPdeltaRecA,0.49575,0.005337702823
20,Cd,0.1,VIP205,0.3613333333,0.01682590595
20,Cd,0.15,MC1061,0.034,0.002081665999
20,Cd,0.15,MC-SCFP3A,0.039,0.001527525232
20,Cd,0.15,VIPdeltaRecA,0.434125,0.02411537558
20,Cd,0.15,VIP205,0.02333333333,0.002728450924
20,Cd,0.2,MC1061,0.01566666667,0.0003333333333
20,Cd,0.2,MC-SCFP3A,0.03,0.001527525232
20,Cd,0.2,VIPdeltaRecA,0.183875,0.04939326064
20,Cd,0.2,VIP205,0.022,0.002081665999
20,Cd,0.25,MC1061,0.01766666667,0.0006666666667
20,Cd,0.25,MC-SCFP3A,0.01433333333,0.0003333333333
20,Cd,0.25,VIPdeltaRecA,0.082,0.01430409532
20,Cd,0.25,VIP205,0.01933333333,0.0008819171037
20,Cd,0.3,VIPdeltaRecA,0.077125,0.02090748115
20,Cd,0.35,VIPdeltaRecA,0.055875,0.002954642231
20,Cd,0.4,VIPdeltaRecA,0.063625,0.005126741864
20,Cd,0.45,MC1061,0.02,0.001527525232
20,Cd,0.45,MC-SCFP3A,0.019,0
20,Cd,0.45,VIPdeltaRecA,0.106625,0.03025528535
20,Cd,0.45,VIP205,0.02,0.0005773502692